{"type":"FeatureCollection", "features": [
{"type":"Feature","geometry":{"type":"MultiPolygon","coordinates":[[[[-43.1057,-22.7489],[-43.1073,-22.7498],[-43.1089,-22.7492],[-43.109,-22.7516],[-43.1109,-22.7532],[-43.112,-22.753],[-43.1128,-22.7542],[-43.1123,-22.7552],[-43.1103,-22.7578],[-43.1099,-22.759],[-43.1111,-22.7606],[-43.1104,-22.7626],[-43.1103,-22.765],[-43.1105,-22.7661],[-43.1117,-22.7667],[-43.1136,-22.7668],[-43.1139,-22.7679],[-43.1107,-22.7693],[-43.1082,-22.7699],[-43.1074,-22.7692],[-43.1064,-22.7678],[-43.1053,-22.7672],[-43.1041,-22.7658],[-43.1025,-22.7651],[-43.1027,-22.7635],[-43.1045,-22.7632],[-43.1048,-22.7629],[-43.1061,-22.7638],[-43.1073,-22.7627],[-43.1072,-22.7621],[-43.1085,-22.7577],[-43.1075,-22.7564],[-43.1071,-22.755],[-43.106,-22.7549],[-43.1048,-22.7543],[-43.1039,-22.7534],[-43.1031,-22.7533],[-43.1018,-22.7519],[-43.1029,-22.7508],[-43.1043,-22.751],[-43.1053,-22.7501],[-43.1057,-22.7489]]],[[[-43.1177,-22.7538],[-43.1193,-22.7545],[-43.1195,-22.756],[-43.1205,-22.7563],[-43.121,-22.7573],[-43.1201,-22.7584],[-43.1186,-22.7586],[-43.1174,-22.7571],[-43.1165,-22.7571],[-43.1149,-22.7565],[-43.1147,-22.7559],[-43.1161,-22.7555],[-43.117,-22.7548],[-43.1168,-22.754],[-43.1177,-22.7538]]],[[[-43.127,-22.7461],[-43.1289,-22.7466],[-43.1291,-22.748],[-43.1283,-22.7484],[-43.127,-22.7482],[-43.1265,-22.7475],[-43.127,-22.7461]]],[[[-43.1089,-22.8018],[-43.1078,-22.801],[-43.1089,-22.8002],[-43.1102,-22.8018],[-43.1113,-22.8018],[-43.1116,-22.803],[-43.1106,-22.8031],[-43.11,-22.802],[-43.1089,-22.8018]]],[[[-43.1168,-22.8029],[-43.1176,-22.8025],[-43.119,-22.8029],[-43.1192,-22.8042],[-43.1174,-22.8044],[-43.1168,-22.8036],[-43.1168,-22.8029]]],[[[-43.1117,-22.7972],[-43.111,-22.7968],[-43.1114,-22.7958],[-43.1135,-22.7964],[-43.1131,-22.7975],[-43.1117,-22.7972]]],[[[-43.123,-22.8073],[-43.1228,-22.806],[-43.1221,-22.8054],[-43.1225,-22.8045],[-43.1233,-22.8046],[-43.1238,-22.8066],[-43.123,-22.8073]]],[[[-43.1058,-22.7766],[-43.1069,-22.777],[-43.1063,-22.7777],[-43.1053,-22.7774],[-43.1058,-22.7766]]],[[[-43.1229,-22.7995],[-43.1223,-22.7993],[-43.1231,-22.7979],[-43.1236,-22.7986],[-43.1229,-22.7995]]],[[[-43.1219,-22.7972],[-43.121,-22.7969],[-43.1211,-22.7961],[-43.1224,-22.7965],[-43.1219,-22.7972]]]]},"properties":{"codbairro":"013","nome":"Paquetá","rp":"Centro","regiao_adm":"PAQUETA"}},
{"type":"Feature","geometry":{"type":"MultiPolygon","coordinates":[[[[-43.1724,-22.7967],[-43.1714,-22.795],[-43.1692,-22.7931],[-43.1655,-22.791],[-43.1626,-22.7897],[-43.1604,-22.7891],[-43.16,-22.7884],[-43.1575,-22.7874],[-43.1564,-22.7862],[-43.1566,-22.7857],[-43.1558,-22.7844],[-43.1559,-22.7832],[-43.1564,-22.7829],[-43.157,-22.7811],[-43.1563,-22.7796],[-43.1571,-22.7788],[-43.1593,-22.7782],[-43.1625,-22.7781],[-43.1637,-22.7778],[-43.1642,-22.7771],[-43.1656,-22.7771],[-43.1669,-22.7776],[-43.1672,-22.7783],[-43.1669,-22.7794],[-43.1694,-22.7812],[-43.1692,-22.7831],[-43.1705,-22.7829],[-43.1712,-22.7823],[-43.1712,-22.7811],[-43.1723,-22.7804],[-43.1733,-22.7792],[-43.1733,-22.7782],[-43.1725,-22.7772],[-43.1718,-22.777],[-43.1722,-22.7756],[-43.1734,-22.7766],[-43.1756,-22.7774],[-43.1772,-22.7793],[-43.1764,-22.7804],[-43.1774,-22.7821],[-43.1794,-22.7835],[-43.1804,-22.7837],[-43.1821,-22.7835],[-43.1824,-22.7819],[-43.1832,-22.7817],[-43.1846,-22.7838],[-43.1857,-22.7847],[-43.1855,-22.7854],[-43.1788,-22.792],[-43.1772,-22.7938],[-43.176,-22.794],[-43.1733,-22.7967],[-43.1724,-22.7967]]],[[[-43.1601,-22.77],[-43.1613,-22.7704],[-43.162,-22.7719],[-43.1603,-22.7718],[-43.16,-22.7732],[-43.1606,-22.7747],[-43.1599,-22.7755],[-43.158,-22.7757],[-43.1559,-22.7752],[-43.155,-22.7755],[-43.1531,-22.7751],[-43.152,-22.7739],[-43.1524,-22.7727],[-43.154,-22.7732],[-43.1559,-22.7733],[-43.1572,-22.7728],[-43.1583,-22.7719],[-43.1589,-22.7708],[-43.1601,-22.77]]],[[[-43.1496,-22.7867],[-43.1517,-22.7873],[-43.1509,-22.7881],[-43.1495,-22.7877],[-43.1496,-22.7867]]],[[[-43.1679,-22.769],[-43.1679,-22.7677],[-43.169,-22.7668],[-43.1694,-22.7673],[-43.1679,-22.769]]]]},"properties":{"codbairro":"098","nome":"Freguesia (Ilha)","rp":"Ilha do Governador","regiao_adm":"ILHA DO GOVERNADOR"}},
{"type":"Feature","geometry":{"type":"Polygon","coordinates":[[[-43.1857,-22.7847],[-43.1869,-22.7847],[-43.188,-22.7835],[-43.1895,-22.7832],[-43.1896,-22.7846],[-43.1904,-22.7879],[-43.1884,-22.7885],[-43.187,-22.7888],[-43.1841,-22.7916],[-43.1836,-22.7912],[-43.1807,-22.794],[-43.1818,-22.7951],[-43.18,-22.7952],[-43.179,-22.7956],[-43.1792,-22.7972],[-43.1777,-22.798],[-43.1798,-22.7988],[-43.1804,-22.7994],[-43.179,-22.7993],[-43.178,-22.7996],[-43.1769,-22.8012],[-43.1752,-22.8012],[-43.1747,-22.8],[-43.1739,-22.799],[-43.173,-22.7988],[-43.172,-22.7978],[-43.1724,-22.7967],[-43.1733,-22.7967],[-43.176,-22.794],[-43.1772,-22.7938],[-43.1788,-22.792],[-43.1855,-22.7854],[-43.1857,-22.7847]]]},"properties":{"codbairro":"097","nome":"Bancários","rp":"Ilha do Governador","regiao_adm":"ILHA DO GOVERNADOR"}},
{"type":"Feature","geometry":{"type":"MultiPolygon","coordinates":[[[[-43.2105,-22.7922],[-43.213,-22.7892],[-43.2146,-22.7884],[-43.217,-22.7865],[-43.2194,-22.7851],[-43.2233,-22.784],[-43.2253,-22.7842],[-43.2273,-22.7838],[-43.229,-22.7841],[-43.2285,-22.7852],[-43.2284,-22.7869],[-43.2289,-22.7882],[-43.2301,-22.7885],[-43.2312,-22.7895],[-43.232,-22.7895],[-43.2339,-22.7907],[-43.2338,-22.7915],[-43.2363,-22.7917],[-43.2377,-22.7911],[-43.2406,-22.7911],[-43.2422,-22.7918],[-43.2449,-22.7919],[-43.2472,-22.7928],[-43.2483,-22.7935],[-43.2495,-22.7954],[-43.2522,-22.7971],[-43.2542,-22.7976],[-43.2553,-22.7972],[-43.2565,-22.7972],[-43.2597,-22.8008],[-43.2613,-22.8031],[-43.2615,-22.8041],[-43.2624,-22.8062],[-43.2643,-22.8083],[-43.2645,-22.8096],[-43.2659,-22.8117],[-43.2655,-22.8132],[-43.2618,-22.8163],[-43.2613,-22.8177],[-43.2593,-22.8193],[-43.2553,-22.8215],[-43.2509,-22.8233],[-43.2504,-22.8241],[-43.2504,-22.8253],[-43.2518,-22.8261],[-43.252,-22.8276],[-43.2515,-22.8287],[-43.2504,-22.8285],[-43.2485,-22.8291],[-43.2486,-22.8302],[-43.2471,-22.8315],[-43.2425,-22.8333],[-43.2421,-22.8338],[-43.2392,-22.8338],[-43.2371,-22.8321],[-43.2351,-22.829],[-43.2326,-22.8262],[-43.2314,-22.8252],[-43.2299,-22.823],[-43.2281,-22.8215],[-43.2249,-22.8198],[-43.2228,-22.8192],[-43.2213,-22.8197],[-43.2167,-22.8172],[-43.2156,-22.8171],[-43.2148,-22.8178],[-43.2144,-22.8163],[-43.2133,-22.8098],[-43.2127,-22.806],[-43.212,-22.8006],[-43.2105,-22.7922]]],[[[-43.2585,-22.8246],[-43.26,-22.8251],[-43.2593,-22.8267],[-43.2582,-22.8266],[-43.2575,-22.8259],[-43.2577,-22.8248],[-43.2585,-22.8246]]]]},"properties":{"codbairro":"104","nome":"Galeão","rp":"Ilha do Governador","regiao_adm":"ILHA DO GOVERNADOR"}},
{"type":"Feature","geometry":{"type":"Polygon","coordinates":[[[-43.1804,-22.7994],[-43.1798,-22.7988],[-43.1777,-22.798],[-43.1792,-22.7972],[-43.179,-22.7956],[-43.18,-22.7952],[-43.1818,-22.7951],[-43.1807,-22.794],[-43.1836,-22.7912],[-43.1841,-22.7916],[-43.187,-22.7888],[-43.1884,-22.7885],[-43.1882,-22.7891],[-43.1891,-22.7909],[-43.1892,-22.7932],[-43.1886,-22.7936],[-43.1886,-22.7948],[-43.1892,-22.7955],[-43.1919,-22.7961],[-43.1928,-22.7976],[-43.1942,-22.7969],[-43.195,-22.7978],[-43.1977,-22.7998],[-43.197,-22.8005],[-43.1971,-22.8013],[-43.1949,-22.801],[-43.1933,-22.8005],[-43.1911,-22.8011],[-43.1901,-22.8008],[-43.1889,-22.8022],[-43.1903,-22.804],[-43.1883,-22.8042],[-43.1865,-22.8041],[-43.1855,-22.8047],[-43.1837,-22.8063],[-43.1832,-22.8039],[-43.1826,-22.8039],[-43.1821,-22.802],[-43.1826,-22.8005],[-43.1804,-22.7994]]]},"properties":{"codbairro":"101","nome":"Tauá","rp":"Ilha do Governador","regiao_adm":"ILHA DO GOVERNADOR"}},
{"type":"Feature","geometry":{"type":"Polygon","coordinates":[[[-43.2027,-22.7946],[-43.2041,-22.7953],[-43.2059,-22.7952],[-43.2084,-22.7941],[-43.2105,-22.7922],[-43.212,-22.8006],[-43.2127,-22.806],[-43.2099,-22.8059],[-43.2064,-22.8049],[-43.206,-22.8045],[-43.2043,-22.8041],[-43.2043,-22.8039],[-43.201,-22.8004],[-43.2004,-22.8],[-43.2027,-22.7946]]]},"properties":{"codbairro":"103","nome":"Portuguesa","rp":"Ilha do Governador","regiao_adm":"ILHA DO GOVERNADOR"}},
{"type":"Feature","geometry":{"type":"Polygon","coordinates":[[[-43.1919,-22.7961],[-43.1914,-22.7949],[-43.1929,-22.7944],[-43.1946,-22.7949],[-43.1954,-22.7941],[-43.1968,-22.7941],[-43.1981,-22.7937],[-43.1995,-22.7937],[-43.202,-22.7942],[-43.2027,-22.7946],[-43.2004,-22.8],[-43.1977,-22.7998],[-43.195,-22.7978],[-43.1942,-22.7969],[-43.1928,-22.7976],[-43.1919,-22.7961]]]},"properties":{"codbairro":"102","nome":"Moneró","rp":"Ilha do Governador","regiao_adm":"ILHA DO GOVERNADOR"}},
{"type":"Feature","geometry":{"type":"Polygon","coordinates":[[[-43.2998,-22.8057],[-43.3003,-22.8042],[-43.301,-22.8036],[-43.3029,-22.8038],[-43.3034,-22.8021],[-43.3045,-22.8009],[-43.3078,-22.7999],[-43.3109,-22.7999],[-43.3195,-22.8015],[-43.3209,-22.8016],[-43.3207,-22.8032],[-43.3194,-22.8088],[-43.3183,-22.8086],[-43.3158,-22.8137],[-43.316,-22.8138],[-43.3165,-22.8169],[-43.3159,-22.8183],[-43.3183,-22.8192],[-43.3172,-22.8195],[-43.3166,-22.8198],[-43.3156,-22.8198],[-43.3139,-22.8198],[-43.3116,-22.8197],[-43.3104,-22.8193],[-43.3073,-22.8175],[-43.3051,-22.8165],[-43.3008,-22.8154],[-43.3012,-22.8112],[-43.3016,-22.8098],[-43.3024,-22.8089],[-43.2998,-22.8057]]]},"properties":{"codbairro":"048","nome":"Vigário Geral","rp":"Penha","regiao_adm":"VIGARIO GERAL"}},
{"type":"Feature","geometry":{"type":"Polygon","coordinates":[[[-43.1752,-22.8012],[-43.1769,-22.8012],[-43.178,-22.7996],[-43.179,-22.7993],[-43.1804,-22.7994],[-43.1826,-22.8005],[-43.1821,-22.802],[-43.1826,-22.8039],[-43.1832,-22.8039],[-43.1837,-22.8063],[-43.1827,-22.8068],[-43.1837,-22.8087],[-43.1841,-22.8099],[-43.1851,-22.8107],[-43.1836,-22.8109],[-43.1837,-22.8104],[-43.1826,-22.8083],[-43.1813,-22.8073],[-43.1776,-22.808],[-43.1775,-22.8063],[-43.178,-22.8054],[-43.1784,-22.8025],[-43.1778,-22.8016],[-43.1752,-22.8012]]]},"properties":{"codbairro":"096","nome":"Cocotá","rp":"Ilha do Governador","regiao_adm":"ILHA DO GOVERNADOR"}},
{"type":"Feature","geometry":{"type":"Polygon","coordinates":[[[-43.3209,-22.8016],[-43.3249,-22.8012],[-43.3266,-22.8015],[-43.3278,-22.8022],[-43.3279,-22.8041],[-43.3292,-22.8061],[-43.3307,-22.8074],[-43.3315,-22.8095],[-43.3305,-22.8111],[-43.3309,-22.8127],[-43.3194,-22.819],[-43.3172,-22.8195],[-43.3183,-22.8192],[-43.3159,-22.8183],[-43.3165,-22.8169],[-43.316,-22.8138],[-43.3158,-22.8137],[-43.3183,-22.8086],[-43.3194,-22.8088],[-43.3207,-22.8032],[-43.3209,-22.8016]]]},"properties":{"codbairro":"049","nome":"Jardim América","rp":"Penha","regiao_adm":"VIGARIO GERAL"}},
{"type":"Feature","geometry":{"type":"Polygon","coordinates":[[[-43.1837,-22.8063],[-43.1855,-22.8047],[-43.1865,-22.8041],[-43.1883,-22.8042],[-43.1903,-22.804],[-43.1889,-22.8022],[-43.1901,-22.8008],[-43.1911,-22.8011],[-43.1933,-22.8005],[-43.1949,-22.801],[-43.1971,-22.8013],[-43.197,-22.8005],[-43.1977,-22.7998],[-43.2004,-22.8],[-43.201,-22.8004],[-43.2043,-22.8039],[-43.2043,-22.8041],[-43.2033,-22.8042],[-43.2,-22.806],[-43.1977,-22.807],[-43.196,-22.8089],[-43.1947,-22.8107],[-43.1919,-22.8121],[-43.1911,-22.8115],[-43.1892,-22.8109],[-43.1868,-22.8107],[-43.1851,-22.8107],[-43.1841,-22.8099],[-43.1837,-22.8087],[-43.1827,-22.8068],[-43.1837,-22.8063]]]},"properties":{"codbairro":"100","nome":"Jardim Carioca","rp":"Ilha do Governador","regiao_adm":"ILHA DO GOVERNADOR"}},
{"type":"Feature","geometry":{"type":"Polygon","coordinates":[[[-43.3278,-22.8022],[-43.3286,-22.8026],[-43.333,-22.8027],[-43.3343,-22.803],[-43.3374,-22.8031],[-43.3456,-22.8035],[-43.3484,-22.8038],[-43.3495,-22.8032],[-43.3541,-22.8024],[-43.3565,-22.8027],[-43.3576,-22.8026],[-43.3596,-22.803],[-43.3616,-22.8045],[-43.3648,-22.8041],[-43.3658,-22.8042],[-43.3675,-22.805],[-43.3701,-22.8053],[-43.3723,-22.8072],[-43.3743,-22.8076],[-43.3758,-22.8086],[-43.3765,-22.8102],[-43.3771,-22.8109],[-43.3797,-22.8106],[-43.3822,-22.8118],[-43.3831,-22.812],[-43.385,-22.814],[-43.3879,-22.8148],[-43.3892,-22.8139],[-43.3905,-22.8138],[-43.3843,-22.8205],[-43.3829,-22.8222],[-43.382,-22.823],[-43.3798,-22.8254],[-43.3782,-22.8246],[-43.3782,-22.8235],[-43.3768,-22.8212],[-43.375,-22.8198],[-43.3712,-22.8205],[-43.3702,-22.8205],[-43.3701,-22.8168],[-43.3697,-22.8168],[-43.3685,-22.8188],[-43.3664,-22.8195],[-43.3659,-22.8211],[-43.365,-22.8205],[-43.3632,-22.8204],[-43.3628,-22.8232],[-43.3612,-22.8241],[-43.36,-22.826],[-43.3572,-22.8266],[-43.3562,-22.8254],[-43.3535,-22.8245],[-43.3512,-22.8227],[-43.3519,-22.8207],[-43.3514,-22.8197],[-43.3477,-22.8179],[-43.3471,-22.817],[-43.3474,-22.8129],[-43.3471,-22.8108],[-43.3461,-22.8092],[-43.345,-22.8086],[-43.3412,-22.8088],[-43.3399,-22.8077],[-43.3309,-22.8127],[-43.3305,-22.8111],[-43.3315,-22.8095],[-43.3307,-22.8074],[-43.3292,-22.8061],[-43.3279,-22.8041],[-43.3278,-22.8022]]]},"properties":{"codbairro":"114","nome":"Pavuna","rp":"Pavuna","regiao_adm":"PAVUNA"}},
{"type":"Feature","geometry":{"type":"Polygon","coordinates":[[[-43.1919,-22.8121],[-43.1947,-22.8107],[-43.196,-22.8089],[-43.1977,-22.807],[-43.2,-22.806],[-43.2033,-22.8042],[-43.2043,-22.8041],[-43.206,-22.8045],[-43.2064,-22.8049],[-43.2099,-22.8059],[-43.2127,-22.806],[-43.2133,-22.8098],[-43.2144,-22.8163],[-43.2148,-22.8178],[-43.2128,-22.8164],[-43.2114,-22.8158],[-43.2095,-22.8157],[-43.2084,-22.8162],[-43.2091,-22.8184],[-43.2088,-22.8187],[-43.2067,-22.8185],[-43.2063,-22.8194],[-43.2044,-22.8197],[-43.2037,-22.8202],[-43.2024,-22.8197],[-43.1976,-22.819],[-43.1963,-22.8189],[-43.1932,-22.8195],[-43.1923,-22.8198],[-43.1893,-22.82],[-43.1879,-22.8177],[-43.1876,-22.8164],[-43.1887,-22.8158],[-43.1896,-22.8137],[-43.1919,-22.8121]]]},"properties":{"codbairro":"099","nome":"Jardim Guanabara","rp":"Ilha do Governador","regiao_adm":"ILHA DO GOVERNADOR"}},
{"type":"Feature","geometry":{"type":"Polygon","coordinates":[[[-43.3309,-22.8127],[-43.3399,-22.8077],[-43.3412,-22.8088],[-43.345,-22.8086],[-43.3461,-22.8092],[-43.3471,-22.8108],[-43.3474,-22.8129],[-43.3471,-22.817],[-43.3477,-22.8179],[-43.3514,-22.8197],[-43.3519,-22.8207],[-43.3512,-22.8227],[-43.3481,-22.8218],[-43.3442,-22.8193],[-43.3423,-22.8172],[-43.3402,-22.8174],[-43.3393,-22.8167],[-43.3376,-22.8171],[-43.3367,-22.8169],[-43.3347,-22.8146],[-43.3337,-22.8138],[-43.3321,-22.8134],[-43.3309,-22.8127]]]},"properties":{"codbairro":"159","nome":"Parque Colúmbia","rp":"Pavuna","regiao_adm":"PAVUNA"}},
{"type":"Feature","geometry":{"type":"Polygon","coordinates":[[[-43.1751,-22.8124],[-43.1762,-22.812],[-43.1772,-22.8109],[-43.1775,-22.8082],[-43.1775,-22.8063],[-43.1776,-22.808],[-43.1813,-22.8073],[-43.1826,-22.8083],[-43.1837,-22.8104],[-43.1836,-22.8109],[-43.1822,-22.8113],[-43.1814,-22.8126],[-43.181,-22.814],[-43.1751,-22.8124]]]},"properties":{"codbairro":"095","nome":"Praia da Bandeira","rp":"Ilha do Governador","regiao_adm":"ILHA DO GOVERNADOR"}},
{"type":"Feature","geometry":{"type":"Polygon","coordinates":[[[-43.2689,-22.8194],[-43.27,-22.8168],[-43.2705,-22.8162],[-43.2716,-22.8135],[-43.2714,-22.8132],[-43.273,-22.8104],[-43.2733,-22.8104],[-43.2771,-22.8119],[-43.2802,-22.8133],[-43.2815,-22.8143],[-43.2852,-22.8185],[-43.2793,-22.8232],[-43.2809,-22.8251],[-43.2856,-22.831],[-43.2883,-22.83],[-43.2898,-22.831],[-43.2903,-22.8318],[-43.2882,-22.8331],[-43.2888,-22.8354],[-43.2884,-22.8362],[-43.2981,-22.8377],[-43.3018,-22.8378],[-43.3022,-22.8386],[-43.3033,-22.8392],[-43.3019,-22.8416],[-43.3044,-22.8429],[-43.3067,-22.8449],[-43.3046,-22.8471],[-43.3025,-22.846],[-43.3006,-22.849],[-43.3011,-22.8502],[-43.2996,-22.8509],[-43.2985,-22.8528],[-43.2972,-22.8531],[-43.2936,-22.8549],[-43.2921,-22.8526],[-43.2959,-22.8503],[-43.2966,-22.8494],[-43.2969,-22.8476],[-43.2967,-22.8467],[-43.2975,-22.8458],[-43.2946,-22.8446],[-43.2907,-22.8424],[-43.2877,-22.8406],[-43.2865,-22.84],[-43.2853,-22.8383],[-43.2828,-22.8356],[-43.2821,-22.8351],[-43.2789,-22.8319],[-43.2751,-22.8273],[-43.2689,-22.8194]]]},"properties":{"codbairro":"044","nome":"Penha Circular","rp":"Penha","regiao_adm":"PENHA"}},
{"type":"Feature","geometry":{"type":"MultiPolygon","coordinates":[[[[-43.1851,-22.8107],[-43.1868,-22.8107],[-43.1892,-22.8109],[-43.1911,-22.8115],[-43.1919,-22.8121],[-43.1896,-22.8137],[-43.1887,-22.8158],[-43.1876,-22.8164],[-43.1879,-22.8177],[-43.1893,-22.82],[-43.1923,-22.8198],[-43.191,-22.8206],[-43.1899,-22.8216],[-43.1894,-22.8234],[-43.1883,-22.8252],[-43.1878,-22.8265],[-43.1877,-22.8277],[-43.1895,-22.8289],[-43.1865,-22.8292],[-43.1852,-22.8296],[-43.1844,-22.8305],[-43.1849,-22.8327],[-43.1841,-22.8329],[-43.1801,-22.8312],[-43.1804,-22.8305],[-43.1783,-22.8293],[-43.1776,-22.828],[-43.1759,-22.8271],[-43.1768,-22.8253],[-43.176,-22.8239],[-43.1755,-22.8238],[-43.1768,-22.8227],[-43.178,-22.8211],[-43.1788,-22.8206],[-43.1801,-22.8207],[-43.1821,-22.8204],[-43.1827,-22.8194],[-43.1845,-22.819],[-43.1851,-22.8185],[-43.186,-22.8167],[-43.1838,-22.8153],[-43.181,-22.814],[-43.1814,-22.8126],[-43.1822,-22.8113],[-43.1836,-22.8109],[-43.1851,-22.8107]]],[[[-43.173,-22.8385],[-43.1746,-22.8369],[-43.1758,-22.8372],[-43.1746,-22.839],[-43.173,-22.8385]]]]},"properties":{"codbairro":"093","nome":"Cacuia","rp":"Ilha do Governador","regiao_adm":"ILHA DO GOVERNADOR"}},
{"type":"Feature","geometry":{"type":"Polygon","coordinates":[[[-43.3798,-22.8254],[-43.382,-22.823],[-43.3829,-22.8222],[-43.3843,-22.8205],[-43.3905,-22.8138],[-43.3929,-22.8148],[-43.3954,-22.8154],[-43.4008,-22.8174],[-43.4034,-22.8187],[-43.406,-22.8203],[-43.408,-22.8211],[-43.4094,-22.8204],[-43.4106,-22.8202],[-43.4153,-22.8215],[-43.4159,-22.8227],[-43.4171,-22.8242],[-43.4178,-22.8262],[-43.4136,-22.8319],[-43.4096,-22.8347],[-43.4087,-22.8346],[-43.4073,-22.8327],[-43.4069,-22.831],[-43.4045,-22.8305],[-43.4042,-22.828],[-43.4038,-22.827],[-43.4024,-22.8252],[-43.3997,-22.8283],[-43.3963,-22.8314],[-43.3941,-22.8296],[-43.3924,-22.8291],[-43.3923,-22.8269],[-43.3899,-22.8274],[-43.3889,-22.8278],[-43.388,-22.8289],[-43.3862,-22.8276],[-43.3853,-22.8263],[-43.3851,-22.8255],[-43.3834,-22.8249],[-43.382,-22.8256],[-43.3797,-22.8255],[-43.3798,-22.8254]]]},"properties":{"codbairro":"107","nome":"Anchieta","rp":"Pavuna","regiao_adm":"ANCHIETA"}},
{"type":"Feature","geometry":{"type":"Polygon","coordinates":[[[-43.3373,-22.826],[-43.3343,-22.8249],[-43.3346,-22.8243],[-43.3343,-22.822],[-43.3347,-22.8219],[-43.3344,-22.8182],[-43.3329,-22.8182],[-43.3323,-22.814],[-43.3321,-22.8134],[-43.3337,-22.8138],[-43.3347,-22.8146],[-43.3367,-22.8169],[-43.3376,-22.8171],[-43.3393,-22.8167],[-43.3402,-22.8174],[-43.3423,-22.8172],[-43.3442,-22.8193],[-43.3481,-22.8218],[-43.3512,-22.8227],[-43.3506,-22.8238],[-43.3459,-22.8292],[-43.3373,-22.826]]]},"properties":{"codbairro":"111","nome":"Acari","rp":"Pavuna","regiao_adm":"PAVUNA"}},
{"type":"Feature","geometry":{"type":"Polygon","coordinates":[[[-43.1753,-22.819],[-43.175,-22.8182],[-43.1761,-22.8168],[-43.1765,-22.8153],[-43.1765,-22.8138],[-43.1751,-22.8124],[-43.181,-22.814],[-43.1838,-22.8153],[-43.186,-22.8167],[-43.1851,-22.8185],[-43.1845,-22.819],[-43.1827,-22.8194],[-43.1821,-22.8204],[-43.1801,-22.8207],[-43.1783,-22.8198],[-43.1759,-22.8194],[-43.1753,-22.819]]]},"properties":{"codbairro":"094","nome":"Pitangueiras","rp":"Ilha do Governador","regiao_adm":"ILHA DO GOVERNADOR"}},
{"type":"Feature","geometry":{"type":"Polygon","coordinates":[[[-43.36,-22.826],[-43.3612,-22.8241],[-43.3628,-22.8232],[-43.3632,-22.8204],[-43.365,-22.8205],[-43.3659,-22.8211],[-43.3664,-22.8195],[-43.3685,-22.8188],[-43.3697,-22.8168],[-43.3701,-22.8168],[-43.3702,-22.8205],[-43.3712,-22.8205],[-43.375,-22.8198],[-43.3768,-22.8212],[-43.3782,-22.8235],[-43.3782,-22.8246],[-43.3798,-22.8254],[-43.3797,-22.8255],[-43.374,-22.832],[-43.3736,-22.831],[-43.3711,-22.8296],[-43.3705,-22.8289],[-43.3694,-22.8296],[-43.3698,-22.8304],[-43.3681,-22.831],[-43.3675,-22.8306],[-43.366,-22.8307],[-43.3655,-22.8299],[-43.36,-22.826]]]},"properties":{"codbairro":"113","nome":"Costa Barros","rp":"Pavuna","regiao_adm":"PAVUNA"}},
{"type":"Feature","geometry":{"type":"Polygon","coordinates":[[[-43.2548,-22.8366],[-43.2551,-22.8352],[-43.2566,-22.8337],[-43.2632,-22.8279],[-43.2639,-22.8268],[-43.2652,-22.8261],[-43.2669,-22.8235],[-43.2689,-22.8194],[-43.2751,-22.8273],[-43.2789,-22.8319],[-43.2821,-22.8351],[-43.2828,-22.8356],[-43.2853,-22.8383],[-43.2865,-22.84],[-43.2877,-22.8406],[-43.2907,-22.8424],[-43.2946,-22.8446],[-43.2975,-22.8458],[-43.2967,-22.8467],[-43.2969,-22.8476],[-43.2966,-22.8494],[-43.2959,-22.8503],[-43.2921,-22.8526],[-43.2907,-22.8514],[-43.2879,-22.8506],[-43.2843,-22.8507],[-43.283,-22.8506],[-43.2815,-22.8486],[-43.2796,-22.8489],[-43.2773,-22.8475],[-43.277,-22.8458],[-43.2753,-22.8444],[-43.2744,-22.8448],[-43.2715,-22.8451],[-43.2706,-22.8428],[-43.2684,-22.8442],[-43.2687,-22.8412],[-43.2647,-22.8368],[-43.2641,-22.8365],[-43.2619,-22.837],[-43.2605,-22.8356],[-43.2563,-22.8379],[-43.2551,-22.8372],[-43.2548,-22.8366]]]},"properties":{"codbairro":"043","nome":"Penha","rp":"Penha","regiao_adm":"PENHA"}},
{"type":"Feature","geometry":{"type":"Polygon","coordinates":[[[-43.1753,-22.819],[-43.1759,-22.8194],[-43.1783,-22.8198],[-43.1801,-22.8207],[-43.1788,-22.8206],[-43.178,-22.8211],[-43.1768,-22.8227],[-43.1755,-22.8238],[-43.1752,-22.8239],[-43.1741,-22.8213],[-43.173,-22.8205],[-43.175,-22.8198],[-43.1753,-22.819]]]},"properties":{"codbairro":"092","nome":"Zumbi","rp":"Ilha do Governador","regiao_adm":"ILHA DO GOVERNADOR"}},
{"type":"Feature","geometry":{"type":"MultiPolygon","coordinates":[[[[-43.1752,-22.8239],[-43.1736,-22.8244],[-43.1728,-22.8252],[-43.1728,-22.8269],[-43.1731,-22.8271],[-43.1732,-22.8288],[-43.1747,-22.8293],[-43.1737,-22.8312],[-43.1702,-22.8312],[-43.1687,-22.8287],[-43.1689,-22.8282],[-43.1681,-22.8264],[-43.1683,-22.8248],[-43.1673,-22.8241],[-43.1638,-22.8225],[-43.1651,-22.8203],[-43.1666,-22.8205],[-43.1673,-22.8211],[-43.1689,-22.8212],[-43.1699,-22.8217],[-43.173,-22.8205],[-43.1741,-22.8213],[-43.1752,-22.8239]]],[[[-43.1627,-22.8112],[-43.1635,-22.8118],[-43.1651,-22.8122],[-43.1653,-22.8129],[-43.1649,-22.8138],[-43.1614,-22.815],[-43.1616,-22.8139],[-43.1614,-22.8126],[-43.1617,-22.8116],[-43.1627,-22.8112]]]]},"properties":{"codbairro":"091","nome":"Ribeira","rp":"Ilha do Governador","regiao_adm":"ILHA DO GOVERNADOR"}},
{"type":"Feature","geometry":{"type":"Polygon","coordinates":[[[-43.3373,-22.826],[-43.3459,-22.8292],[-43.3506,-22.8238],[-43.3512,-22.8227],[-43.3535,-22.8245],[-43.3562,-22.8254],[-43.3572,-22.8266],[-43.3584,-22.8282],[-43.359,-22.8297],[-43.3599,-22.8351],[-43.3602,-22.8359],[-43.3597,-22.8361],[-43.3555,-22.8392],[-43.3547,-22.8393],[-43.3524,-22.8388],[-43.3482,-22.838],[-43.347,-22.8397],[-43.3446,-22.8386],[-43.3408,-22.8353],[-43.3411,-22.8341],[-43.3421,-22.8323],[-43.3394,-22.8284],[-43.339,-22.8272],[-43.3372,-22.8265],[-43.3373,-22.826]]]},"properties":{"codbairro":"110","nome":"Coelho Neto","rp":"Pavuna","regiao_adm":"PAVUNA"}},
{"type":"Feature","geometry":{"type":"Polygon","coordinates":[[[-43.3797,-22.8255],[-43.382,-22.8256],[-43.3834,-22.8249],[-43.3851,-22.8255],[-43.3853,-22.8263],[-43.3862,-22.8276],[-43.388,-22.8289],[-43.3878,-22.8298],[-43.3866,-22.8303],[-43.384,-22.8331],[-43.385,-22.8338],[-43.387,-22.8365],[-43.3848,-22.837],[-43.3822,-22.8363],[-43.3811,-22.8368],[-43.3826,-22.8376],[-43.3799,-22.8462],[-43.3796,-22.8483],[-43.3791,-22.8502],[-43.3772,-22.8502],[-43.3752,-22.8508],[-43.3736,-22.8503],[-43.3727,-22.8496],[-43.3676,-22.8475],[-43.3666,-22.8478],[-43.3647,-22.8474],[-43.3634,-22.8469],[-43.3608,-22.8471],[-43.3604,-22.8468],[-43.3618,-22.8452],[-43.3633,-22.8409],[-43.3638,-22.84],[-43.366,-22.8381],[-43.3679,-22.8393],[-43.3705,-22.836],[-43.374,-22.832],[-43.3797,-22.8255]]]},"properties":{"codbairro":"106","nome":"Guadalupe","rp":"Pavuna","regiao_adm":"ANCHIETA"}},
{"type":"Feature","geometry":{"type":"Polygon","coordinates":[[[-43.3963,-22.8314],[-43.3997,-22.8283],[-43.4024,-22.8252],[-43.4038,-22.827],[-43.4042,-22.828],[-43.4045,-22.8305],[-43.4069,-22.831],[-43.4073,-22.8327],[-43.4087,-22.8346],[-43.4096,-22.8347],[-43.4136,-22.8319],[-43.4178,-22.8262],[-43.4205,-22.8294],[-43.4211,-22.8313],[-43.4221,-22.8326],[-43.4237,-22.8323],[-43.4246,-22.8327],[-43.4257,-22.8356],[-43.4292,-22.8375],[-43.4299,-22.8375],[-43.4316,-22.8394],[-43.4335,-22.8401],[-43.4352,-22.8419],[-43.4338,-22.8438],[-43.4324,-22.8437],[-43.431,-22.8446],[-43.4307,-22.8453],[-43.4287,-22.8467],[-43.4266,-22.8467],[-43.426,-22.8461],[-43.4237,-22.8445],[-43.4225,-22.844],[-43.4222,-22.8433],[-43.4182,-22.8416],[-43.4138,-22.8379],[-43.4111,-22.8407],[-43.4082,-22.8377],[-43.4065,-22.8394],[-43.4037,-22.837],[-43.4028,-22.837],[-43.4024,-22.8384],[-43.4018,-22.8383],[-43.4008,-22.8373],[-43.3993,-22.8367],[-43.3979,-22.8367],[-43.3972,-22.8379],[-43.3962,-22.837],[-43.3953,-22.8355],[-43.3953,-22.8332],[-43.3963,-22.8314]]]},"properties":{"codbairro":"108","nome":"Parque Anchieta","rp":"Pavuna","regiao_adm":"ANCHIETA"}},
{"type":"Feature","geometry":{"type":"Polygon","coordinates":[[[-43.3572,-22.8266],[-43.36,-22.826],[-43.3655,-22.8299],[-43.366,-22.8307],[-43.3675,-22.8306],[-43.3681,-22.831],[-43.3698,-22.8304],[-43.3694,-22.8296],[-43.3705,-22.8289],[-43.3711,-22.8296],[-43.3736,-22.831],[-43.374,-22.832],[-43.3705,-22.836],[-43.3679,-22.8393],[-43.366,-22.8381],[-43.3638,-22.84],[-43.3633,-22.8409],[-43.3618,-22.8452],[-43.3604,-22.8468],[-43.3581,-22.8443],[-43.358,-22.843],[-43.3594,-22.8397],[-43.3603,-22.8367],[-43.3602,-22.8359],[-43.3599,-22.8351],[-43.359,-22.8297],[-43.3584,-22.8282],[-43.3572,-22.8266]]]},"properties":{"codbairro":"112","nome":"Barros Filho","rp":"Pavuna","regiao_adm":"PAVUNA"}},
{"type":"Feature","geometry":{"type":"Polygon","coordinates":[[[-43.388,-22.8289],[-43.3889,-22.8278],[-43.3899,-22.8274],[-43.3923,-22.8269],[-43.3924,-22.8291],[-43.3941,-22.8296],[-43.3963,-22.8314],[-43.3953,-22.8332],[-43.3953,-22.8355],[-43.3962,-22.837],[-43.3972,-22.8379],[-43.3979,-22.8367],[-43.3993,-22.8367],[-43.4008,-22.8373],[-43.4018,-22.8383],[-43.4024,-22.8384],[-43.4028,-22.837],[-43.4037,-22.837],[-43.4065,-22.8394],[-43.4082,-22.8377],[-43.4111,-22.8407],[-43.4096,-22.8423],[-43.4099,-22.8426],[-43.4068,-22.8463],[-43.404,-22.8444],[-43.4027,-22.8452],[-43.4019,-22.8445],[-43.4013,-22.8453],[-43.397,-22.8455],[-43.3964,-22.8454],[-43.3968,-22.8441],[-43.3982,-22.8418],[-43.3982,-22.8401],[-43.3959,-22.8402],[-43.3949,-22.8392],[-43.3911,-22.8378],[-43.387,-22.8365],[-43.385,-22.8338],[-43.384,-22.8331],[-43.3866,-22.8303],[-43.3878,-22.8298],[-43.388,-22.8289]]]},"properties":{"codbairro":"109","nome":"Ricardo de Albuquerque","rp":"Pavuna","regiao_adm":"ANCHIETA"}},
{"type":"Feature","geometry":{"type":"Polygon","coordinates":[[[-43.3369,-22.8464],[-43.3341,-22.8485],[-43.3308,-22.8438],[-43.3324,-22.8426],[-43.3257,-22.8365],[-43.3269,-22.8344],[-43.3289,-22.8329],[-43.3308,-22.8321],[-43.3343,-22.8331],[-43.3416,-22.8321],[-43.3421,-22.8323],[-43.3411,-22.8341],[-43.3408,-22.8353],[-43.3446,-22.8386],[-43.347,-22.8397],[-43.345,-22.8402],[-43.3445,-22.8412],[-43.3435,-22.8407],[-43.3424,-22.842],[-43.3439,-22.8433],[-43.3424,-22.8449],[-43.3439,-22.8462],[-43.3421,-22.848],[-43.3404,-22.847],[-43.3383,-22.8454],[-43.3369,-22.8464]]]},"properties":{"codbairro":"077","nome":"Colégio","rp":"Madureira","regiao_adm":"IRAJA"}},
{"type":"Feature","geometry":{"type":"Polygon","coordinates":[[[-43.3524,-22.8388],[-43.3547,-22.8393],[-43.3555,-22.8392],[-43.3597,-22.8361],[-43.3602,-22.8359],[-43.3603,-22.8367],[-43.3594,-22.8397],[-43.358,-22.843],[-43.3581,-22.8443],[-43.3604,-22.8468],[-43.3576,-22.8491],[-43.3591,-22.8495],[-43.3605,-22.8506],[-43.3629,-22.8549],[-43.3619,-22.8554],[-43.356,-22.8564],[-43.355,-22.8549],[-43.354,-22.8542],[-43.3524,-22.8538],[-43.356,-22.8505],[-43.3528,-22.8493],[-43.353,-22.8486],[-43.3518,-22.8442],[-43.3524,-22.8388]]]},"properties":{"codbairro":"087","nome":"Honório Gurgel","rp":"Madureira","regiao_adm":"MADUREIRA"}},
{"type":"Feature","geometry":{"type":"Polygon","coordinates":[[[-43.2563,-22.8379],[-43.2605,-22.8356],[-43.2619,-22.837],[-43.2641,-22.8365],[-43.2647,-22.8368],[-43.2687,-22.8412],[-43.2684,-22.8442],[-43.2706,-22.8428],[-43.2715,-22.8451],[-43.2744,-22.8448],[-43.2753,-22.8444],[-43.277,-22.8458],[-43.2773,-22.8475],[-43.2796,-22.8489],[-43.2815,-22.8486],[-43.283,-22.8506],[-43.2843,-22.8507],[-43.2879,-22.8506],[-43.2907,-22.8514],[-43.2921,-22.8526],[-43.2844,-22.8569],[-43.2843,-22.8571],[-43.2837,-22.8569],[-43.2827,-22.8557],[-43.2815,-22.8555],[-43.2819,-22.8537],[-43.281,-22.8537],[-43.279,-22.8531],[-43.2774,-22.8538],[-43.2752,-22.8537],[-43.2734,-22.8551],[-43.2721,-22.8542],[-43.271,-22.8551],[-43.2716,-22.8557],[-43.2705,-22.8566],[-43.2695,-22.8562],[-43.2674,-22.8577],[-43.2669,-22.8567],[-43.2668,-22.8562],[-43.2631,-22.8526],[-43.2644,-22.8514],[-43.2632,-22.8507],[-43.2588,-22.8458],[-43.2574,-22.8458],[-43.2547,-22.8396],[-43.2546,-22.839],[-43.2563,-22.8379]]]},"properties":{"codbairro":"042","nome":"Olaria","rp":"Ramos","regiao_adm":"RAMOS"}},
{"type":"Feature","geometry":{"type":"Polygon","coordinates":[[[-43.2329,-22.8691],[-43.2329,-22.8666],[-43.2335,-22.8649],[-43.2335,-22.8638],[-43.2354,-22.863],[-43.2368,-22.8614],[-43.2374,-22.8579],[-43.238,-22.8553],[-43.2387,-22.8535],[-43.2391,-22.8533],[-43.2399,-22.8513],[-43.2403,-22.8498],[-43.2425,-22.8462],[-43.2432,-22.8429],[-43.244,-22.8415],[-43.2452,-22.8406],[-43.2471,-22.8402],[-43.2499,-22.839],[-43.2516,-22.8385],[-43.2523,-22.8378],[-43.2535,-22.8374],[-43.2548,-22.8366],[-43.2551,-22.8372],[-43.2563,-22.8379],[-43.2546,-22.839],[-43.2535,-22.8402],[-43.2481,-22.8461],[-43.2475,-22.8471],[-43.2471,-22.8494],[-43.2475,-22.8515],[-43.2477,-22.8563],[-43.2479,-22.8643],[-43.2471,-22.8691],[-43.2462,-22.8696],[-43.2444,-22.8697],[-43.2447,-22.8731],[-43.2419,-22.8767],[-43.2395,-22.8801],[-43.2393,-22.8799],[-43.2354,-22.8754],[-43.2345,-22.8727],[-43.2329,-22.8691]]]},"properties":{"codbairro":"157","nome":"Maré","rp":"Ramos","regiao_adm":"COMPLEXO DA MARE"}},
{"type":"Feature","geometry":{"type":"Polygon","coordinates":[[[-43.4111,-22.8407],[-43.4138,-22.8379],[-43.4182,-22.8416],[-43.4222,-22.8433],[-43.4225,-22.844],[-43.4237,-22.8445],[-43.426,-22.8461],[-43.4266,-22.8467],[-43.4251,-22.8474],[-43.4237,-22.8486],[-43.4223,-22.849],[-43.4214,-22.8497],[-43.4202,-22.8497],[-43.4194,-22.8502],[-43.4175,-22.8539],[-43.4163,-22.8554],[-43.4157,-22.8594],[-43.4159,-22.8607],[-43.4155,-22.8625],[-43.4149,-22.8634],[-43.4114,-22.862],[-43.4092,-22.866],[-43.4127,-22.8677],[-43.4117,-22.8695],[-43.4076,-22.8735],[-43.4051,-22.8765],[-43.4074,-22.8767],[-43.4093,-22.8827],[-43.4083,-22.8833],[-43.4059,-22.8843],[-43.4029,-22.8848],[-43.3986,-22.8857],[-43.3983,-22.8855],[-43.3968,-22.884],[-43.3938,-22.8819],[-43.3934,-22.8815],[-43.3941,-22.8796],[-43.3941,-22.879],[-43.3924,-22.8782],[-43.3918,-22.8767],[-43.3913,-22.8762],[-43.3882,-22.8745],[-43.386,-22.8715],[-43.3818,-22.8684],[-43.3816,-22.8674],[-43.3836,-22.8674],[-43.3917,-22.8645],[-43.3916,-22.861],[-43.3882,-22.8593],[-43.3876,-22.8585],[-43.3902,-22.8566],[-43.3906,-22.8569],[-43.3915,-22.8532],[-43.3933,-22.8522],[-43.3953,-22.8501],[-43.396,-22.8486],[-43.397,-22.8455],[-43.4013,-22.8453],[-43.4019,-22.8445],[-43.4027,-22.8452],[-43.404,-22.8444],[-43.4068,-22.8463],[-43.4099,-22.8426],[-43.4096,-22.8423],[-43.4111,-22.8407]]]},"properties":{"codbairro":"135","nome":"Vila Militar","rp":"Bangu","regiao_adm":"REALENGO"}},
{"type":"Feature","geometry":{"type":"Polygon","coordinates":[[[-43.2289,-22.8374],[-43.2309,-22.8364],[-43.2315,-22.8381],[-43.2324,-22.8386],[-43.2332,-22.8385],[-43.2363,-22.8392],[-43.2387,-22.8392],[-43.2393,-22.8384],[-43.2424,-22.8371],[-43.2431,-22.8381],[-43.2432,-22.8392],[-43.241,-22.8406],[-43.2401,-22.8416],[-43.2399,-22.8427],[-43.2402,-22.8449],[-43.241,-22.8465],[-43.2393,-22.8482],[-43.2393,-22.8495],[-43.2375,-22.8527],[-43.2364,-22.854],[-43.2356,-22.8578],[-43.2352,-22.8583],[-43.2353,-22.8604],[-43.2362,-22.8609],[-43.236,-22.8618],[-43.234,-22.8621],[-43.2323,-22.8634],[-43.232,-22.866],[-43.2314,-22.8663],[-43.229,-22.8663],[-43.2269,-22.8675],[-43.2258,-22.8677],[-43.2243,-22.8672],[-43.2228,-22.8672],[-43.2215,-22.8669],[-43.2203,-22.8691],[-43.2198,-22.8696],[-43.2184,-22.8701],[-43.2155,-22.8705],[-43.2146,-22.8697],[-43.214,-22.8678],[-43.2142,-22.866],[-43.2152,-22.8636],[-43.217,-22.8621],[-43.2175,-22.8634],[-43.2183,-22.8634],[-43.2194,-22.8621],[-43.219,-22.8613],[-43.2179,-22.8611],[-43.2138,-22.8598],[-43.2128,-22.8607],[-43.2114,-22.86],[-43.2103,-22.86],[-43.2093,-22.8606],[-43.2086,-22.8603],[-43.2083,-22.8586],[-43.2098,-22.8576],[-43.2124,-22.8586],[-43.2145,-22.8573],[-43.2153,-22.8572],[-43.2173,-22.8586],[-43.2213,-22.859],[-43.2226,-22.8589],[-43.2238,-22.8582],[-43.2258,-22.8566],[-43.2266,-22.8562],[-43.2288,-22.8539],[-43.2295,-22.8527],[-43.2306,-22.8514],[-43.2326,-22.8475],[-43.2323,-22.8455],[-43.2315,-22.844],[-43.2304,-22.8432],[-43.229,-22.8428],[-43.2264,-22.8414],[-43.2245,-22.8416],[-43.2228,-22.8427],[-43.2222,-22.8436],[-43.2234,-22.8449],[-43.2241,-22.8462],[-43.2231,-22.8479],[-43.2216,-22.8481],[-43.2208,-22.8456],[-43.2198,-22.845],[-43.2205,-22.8437],[-43.2216,-22.8433],[-43.2223,-22.8414],[-43.2231,-22.8409],[-43.2237,-22.8393],[-43.225,-22.8392],[-43.2256,-22.8395],[-43.2276,-22.8374],[-43.2289,-22.8374]]]},"properties":{"codbairro":"105","nome":"Cidade Universitária","rp":"Ilha do Governador","regiao_adm":"ILHA DO GOVERNADOR"}},
{"type":"Feature","geometry":{"type":"Polygon","coordinates":[[[-43.347,-22.8397],[-43.3482,-22.838],[-43.3524,-22.8388],[-43.3518,-22.8442],[-43.353,-22.8486],[-43.3528,-22.8493],[-43.356,-22.8505],[-43.3524,-22.8538],[-43.354,-22.8542],[-43.355,-22.8549],[-43.356,-22.8564],[-43.3537,-22.8567],[-43.3515,-22.8594],[-43.3506,-22.8598],[-43.3484,-22.8586],[-43.3476,-22.8595],[-43.3463,-22.8585],[-43.3443,-22.8581],[-43.3414,-22.8571],[-43.3396,-22.8563],[-43.3371,-22.856],[-43.3374,-22.8533],[-43.3376,-22.8524],[-43.3369,-22.8464],[-43.3383,-22.8454],[-43.3404,-22.847],[-43.3421,-22.848],[-43.3439,-22.8462],[-43.3424,-22.8449],[-43.3439,-22.8433],[-43.3424,-22.842],[-43.3435,-22.8407],[-43.3445,-22.8412],[-43.345,-22.8402],[-43.347,-22.8397]]]},"properties":{"codbairro":"086","nome":"Rocha Miranda","rp":"Madureira","regiao_adm":"MADUREIRA"}},
{"type":"Feature","geometry":{"type":"Polygon","coordinates":[[[-43.2477,-22.8563],[-43.2475,-22.8515],[-43.2471,-22.8494],[-43.2475,-22.8471],[-43.2481,-22.8461],[-43.2535,-22.8402],[-43.2546,-22.839],[-43.2547,-22.8396],[-43.2574,-22.8458],[-43.2588,-22.8458],[-43.2632,-22.8507],[-43.2644,-22.8514],[-43.2631,-22.8526],[-43.2668,-22.8562],[-43.2669,-22.8567],[-43.2661,-22.8575],[-43.2632,-22.8562],[-43.2622,-22.858],[-43.2646,-22.8591],[-43.2673,-22.8597],[-43.2677,-22.8619],[-43.2652,-22.8616],[-43.2627,-22.8626],[-43.2598,-22.8619],[-43.2588,-22.8615],[-43.259,-22.8608],[-43.2576,-22.8603],[-43.2582,-22.8586],[-43.2568,-22.858],[-43.2565,-22.8584],[-43.2526,-22.8577],[-43.2524,-22.8568],[-43.2477,-22.8563]]]},"properties":{"codbairro":"041","nome":"Ramos","rp":"Ramos","regiao_adm":"RAMOS"}},
{"type":"Feature","geometry":{"type":"Polygon","coordinates":[[[-43.4352,-22.8419],[-43.4397,-22.8423],[-43.4587,-22.8485],[-43.4546,-22.8516],[-43.4505,-22.8549],[-43.4505,-22.8559],[-43.4503,-22.8565],[-43.4479,-22.8563],[-43.4464,-22.8611],[-43.4463,-22.8622],[-43.4457,-22.8634],[-43.4467,-22.8637],[-43.448,-22.8652],[-43.4431,-22.8686],[-43.4422,-22.8687],[-43.4422,-22.8723],[-43.4419,-22.875],[-43.4456,-22.8751],[-43.4439,-22.8776],[-43.4401,-22.882],[-43.4418,-22.8841],[-43.4401,-22.8857],[-43.4436,-22.8892],[-43.4445,-22.8897],[-43.4487,-22.894],[-43.4505,-22.8963],[-43.4514,-22.8983],[-43.4569,-22.9018],[-43.459,-22.9027],[-43.4615,-22.9042],[-43.4628,-22.9055],[-43.4639,-22.908],[-43.4676,-22.9115],[-43.4685,-22.9132],[-43.4701,-22.9145],[-43.4677,-22.9163],[-43.4666,-22.9156],[-43.4639,-22.9151],[-43.4605,-22.9151],[-43.4575,-22.9147],[-43.4552,-22.9148],[-43.4517,-22.9136],[-43.4501,-22.9123],[-43.44,-22.9091],[-43.4379,-22.9087],[-43.4357,-22.9087],[-43.4313,-22.9078],[-43.4291,-22.9099],[-43.4264,-22.9107],[-43.4254,-22.9118],[-43.4232,-22.9122],[-43.4225,-22.9119],[-43.421,-22.9121],[-43.4206,-22.913],[-43.4183,-22.9135],[-43.417,-22.9132],[-43.4164,-22.9126],[-43.416,-22.9114],[-43.4198,-22.9094],[-43.4155,-22.9064],[-43.4151,-22.9037],[-43.4165,-22.9026],[-43.4175,-22.9011],[-43.415,-22.8987],[-43.4116,-22.8963],[-43.4088,-22.8927],[-43.4083,-22.8908],[-43.4064,-22.8879],[-43.4061,-22.8846],[-43.4059,-22.8843],[-43.4083,-22.8833],[-43.4093,-22.8827],[-43.4113,-22.8821],[-43.4136,-22.8807],[-43.415,-22.8791],[-43.4159,-22.8786],[-43.4195,-22.8777],[-43.4203,-22.8774],[-43.4185,-22.8757],[-43.4199,-22.8749],[-43.4197,-22.8709],[-43.4192,-22.8654],[-43.4193,-22.8648],[-43.4149,-22.8634],[-43.4155,-22.8625],[-43.4159,-22.8607],[-43.4157,-22.8594],[-43.4163,-22.8554],[-43.4175,-22.8539],[-43.4194,-22.8502],[-43.4202,-22.8497],[-43.4214,-22.8497],[-43.4223,-22.849],[-43.4237,-22.8486],[-43.4251,-22.8474],[-43.4266,-22.8467],[-43.4287,-22.8467],[-43.4307,-22.8453],[-43.431,-22.8446],[-43.4324,-22.8437],[-43.4338,-22.8438],[-43.4352,-22.8419]]]},"properties":{"codbairro":"139","nome":"Realengo","rp":"Bangu","regiao_adm":"REALENGO"}},
{"type":"Feature","geometry":{"type":"Polygon","coordinates":[[[-43.2936,-22.8549],[-43.2972,-22.8531],[-43.2985,-22.8528],[-43.2996,-22.8509],[-43.3011,-22.8502],[-43.3006,-22.849],[-43.3025,-22.846],[-43.3046,-22.8471],[-43.309,-22.8504],[-43.3097,-22.8503],[-43.3099,-22.8509],[-43.3114,-22.8516],[-43.3087,-22.8545],[-43.3103,-22.856],[-43.3083,-22.8582],[-43.3075,-22.8595],[-43.3067,-22.8616],[-43.3046,-22.8608],[-43.3026,-22.8593],[-43.3011,-22.8573],[-43.2981,-22.8591],[-43.2973,-22.8583],[-43.2969,-22.8572],[-43.2936,-22.8549]]]},"properties":{"codbairro":"072","nome":"Vila Kosmos","rp":"Madureira","regiao_adm":"IRAJA"}},
{"type":"Feature","geometry":{"type":"Polygon","coordinates":[[[-43.3619,-22.8554],[-43.3629,-22.8549],[-43.3605,-22.8506],[-43.3591,-22.8495],[-43.3576,-22.8491],[-43.3604,-22.8468],[-43.3608,-22.8471],[-43.3634,-22.8469],[-43.3647,-22.8474],[-43.3666,-22.8478],[-43.3676,-22.8475],[-43.3727,-22.8496],[-43.3736,-22.8503],[-43.3752,-22.8508],[-43.3772,-22.8502],[-43.3791,-22.8502],[-43.3777,-22.854],[-43.3813,-22.8551],[-43.3826,-22.8551],[-43.3829,-22.8559],[-43.3849,-22.8552],[-43.3842,-22.8566],[-43.3798,-22.8585],[-43.3773,-22.8581],[-43.3748,-22.8592],[-43.375,-22.8596],[-43.3783,-22.8655],[-43.3783,-22.8666],[-43.376,-22.8696],[-43.3753,-22.8715],[-43.3744,-22.8725],[-43.373,-22.8758],[-43.3734,-22.8767],[-43.3724,-22.8766],[-43.3691,-22.8773],[-43.3679,-22.8772],[-43.3678,-22.876],[-43.3698,-22.871],[-43.3689,-22.8696],[-43.37,-22.869],[-43.366,-22.8669],[-43.3668,-22.8641],[-43.3619,-22.8554]]]},"properties":{"codbairro":"090","nome":"Marechal Hermes","rp":"Madureira","regiao_adm":"MADUREIRA"}},
{"type":"Feature","geometry":{"type":"Polygon","coordinates":[[[-43.3097,-22.8503],[-43.3108,-22.8482],[-43.3117,-22.8489],[-43.3128,-22.8489],[-43.314,-22.8498],[-43.3135,-22.851],[-43.3156,-22.8523],[-43.3177,-22.851],[-43.3188,-22.8519],[-43.3227,-22.8543],[-43.3239,-22.8553],[-43.3224,-22.8618],[-43.3216,-22.8633],[-43.3206,-22.8644],[-43.3177,-22.8636],[-43.3152,-22.8634],[-43.3145,-22.8614],[-43.3113,-22.8614],[-43.3087,-22.8624],[-43.3074,-22.8631],[-43.3072,-22.8617],[-43.3067,-22.8616],[-43.3075,-22.8595],[-43.3083,-22.8582],[-43.3103,-22.856],[-43.3087,-22.8545],[-43.3114,-22.8516],[-43.3099,-22.8509],[-43.3097,-22.8503]]]},"properties":{"codbairro":"073","nome":"Vicente de Carvalho","rp":"Madureira","regiao_adm":"IRAJA"}},
{"type":"Feature","geometry":{"type":"Polygon","coordinates":[[[-43.625,-22.8624],[-43.6297,-22.8607],[-43.6305,-22.8605],[-43.6354,-22.8587],[-43.6429,-22.856],[-43.6443,-22.8558],[-43.6497,-22.8572],[-43.6511,-22.858],[-43.6555,-22.8611],[-43.6584,-22.8633],[-43.6599,-22.8636],[-43.6624,-22.8644],[-43.6648,-22.8651],[-43.6663,-22.8651],[-43.6668,-22.8681],[-43.6633,-22.8685],[-43.663,-22.8675],[-43.6613,-22.8681],[-43.6585,-22.8721],[-43.6599,-22.8728],[-43.6614,-22.873],[-43.6632,-22.8743],[-43.6656,-22.8764],[-43.6655,-22.8783],[-43.6643,-22.8832],[-43.6608,-22.8805],[-43.6597,-22.8805],[-43.6582,-22.8799],[-43.6564,-22.8799],[-43.6532,-22.8782],[-43.6486,-22.8781],[-43.6464,-22.8785],[-43.6442,-22.878],[-43.6437,-22.8782],[-43.6439,-22.8804],[-43.644,-22.8839],[-43.6473,-22.8849],[-43.6554,-22.8874],[-43.6537,-22.8892],[-43.6533,-22.89],[-43.6538,-22.894],[-43.6539,-22.8965],[-43.6542,-22.8975],[-43.6553,-22.9027],[-43.6569,-22.9056],[-43.6586,-22.9074],[-43.6622,-22.9094],[-43.6583,-22.9115],[-43.6573,-22.9123],[-43.6516,-22.9161],[-43.6518,-22.9186],[-43.651,-22.9187],[-43.6513,-22.9212],[-43.6489,-22.9215],[-43.6479,-22.922],[-43.6461,-22.9238],[-43.6448,-22.9239],[-43.644,-22.9243],[-43.6424,-22.9265],[-43.6429,-22.9273],[-43.6368,-22.9344],[-43.636,-22.9345],[-43.6334,-22.9372],[-43.6317,-22.9383],[-43.6305,-22.9396],[-43.6297,-22.9398],[-43.6266,-22.9392],[-43.6228,-22.9373],[-43.6217,-22.9362],[-43.6216,-22.9322],[-43.6217,-22.9306],[-43.6215,-22.9266],[-43.621,-22.9195],[-43.6243,-22.9199],[-43.6251,-22.9163],[-43.6274,-22.915],[-43.6264,-22.9141],[-43.6277,-22.9124],[-43.6279,-22.9117],[-43.6269,-22.911],[-43.6287,-22.9089],[-43.6272,-22.9073],[-43.6278,-22.9057],[-43.6265,-22.9036],[-43.6271,-22.9026],[-43.6244,-22.9008],[-43.6237,-22.9009],[-43.6226,-22.8997],[-43.6211,-22.8993],[-43.6196,-22.8983],[-43.6194,-22.8975],[-43.6215,-22.891],[-43.6184,-22.8855],[-43.6192,-22.8852],[-43.6223,-22.8846],[-43.6234,-22.8835],[-43.6254,-22.8831],[-43.6269,-22.8834],[-43.6293,-22.8831],[-43.6322,-22.8811],[-43.6232,-22.8798],[-43.6191,-22.879],[-43.6169,-22.8782],[-43.6125,-22.8761],[-43.6159,-22.8741],[-43.6177,-22.8717],[-43.625,-22.8624]]]},"properties":{"codbairro":"148","nome":"Paciência","rp":"Santa Cruz","regiao_adm":"SANTA CRUZ"}},
{"type":"Feature","geometry":{"type":"Polygon","coordinates":[[[-43.2843,-22.8571],[-43.2844,-22.8569],[-43.2921,-22.8526],[-43.2936,-22.8549],[-43.2969,-22.8572],[-43.2973,-22.8583],[-43.2981,-22.8591],[-43.3,-22.8605],[-43.3043,-22.8646],[-43.3049,-22.8649],[-43.3049,-22.8662],[-43.3038,-22.8663],[-43.2985,-22.8677],[-43.2985,-22.8694],[-43.2978,-22.8704],[-43.2991,-22.8709],[-43.2972,-22.8721],[-43.2961,-22.8713],[-43.294,-22.8733],[-43.2913,-22.8727],[-43.2895,-22.8727],[-43.2885,-22.872],[-43.2895,-22.871],[-43.2915,-22.8699],[-43.295,-22.8688],[-43.2945,-22.8679],[-43.2932,-22.8678],[-43.2903,-22.8656],[-43.2896,-22.8656],[-43.2883,-22.8666],[-43.2877,-22.8665],[-43.2873,-22.8603],[-43.2883,-22.8593],[-43.288,-22.8583],[-43.2885,-22.857],[-43.287,-22.8569],[-43.2859,-22.8576],[-43.2843,-22.8571]]]},"properties":{"codbairro":"055","nome":"Engenho da Rainha","rp":"Inhaúma","regiao_adm":"INHAUMA"}},
{"type":"Feature","geometry":{"type":"Polygon","coordinates":[[[-43.2669,-22.8567],[-43.2674,-22.8577],[-43.2695,-22.8562],[-43.2705,-22.8566],[-43.2716,-22.8557],[-43.271,-22.8551],[-43.2721,-22.8542],[-43.2734,-22.8551],[-43.2752,-22.8537],[-43.2774,-22.8538],[-43.279,-22.8531],[-43.281,-22.8537],[-43.2819,-22.8537],[-43.2815,-22.8555],[-43.2827,-22.8557],[-43.2837,-22.8569],[-43.2843,-22.8571],[-43.2859,-22.8576],[-43.2843,-22.8604],[-43.2855,-22.8615],[-43.2858,-22.8652],[-43.2814,-22.8655],[-43.2803,-22.8673],[-43.2776,-22.8679],[-43.276,-22.8686],[-43.2756,-22.8691],[-43.2745,-22.8679],[-43.2761,-22.866],[-43.2757,-22.8648],[-43.2769,-22.8634],[-43.2758,-22.8626],[-43.272,-22.8672],[-43.27,-22.8671],[-43.2681,-22.8689],[-43.2673,-22.8688],[-43.2657,-22.8679],[-43.2645,-22.8659],[-43.2611,-22.8662],[-43.2582,-22.8667],[-43.2574,-22.8656],[-43.2582,-22.8633],[-43.2592,-22.8636],[-43.2598,-22.8619],[-43.2627,-22.8626],[-43.2652,-22.8616],[-43.2677,-22.8619],[-43.2673,-22.8597],[-43.2646,-22.8591],[-43.2622,-22.858],[-43.2632,-22.8562],[-43.2661,-22.8575],[-43.2669,-22.8567]]]},"properties":{"codbairro":"156","nome":"Complexo do Alemão","rp":"Inhaúma","regiao_adm":"COMPLEXO DO ALEMÃO"}},
{"type":"Feature","geometry":{"type":"Polygon","coordinates":[[[-43.3239,-22.8553],[-43.3248,-22.8557],[-43.3257,-22.8539],[-43.3295,-22.8545],[-43.3324,-22.8542],[-43.3328,-22.8538],[-43.3344,-22.8538],[-43.3371,-22.856],[-43.3356,-22.858],[-43.3341,-22.8591],[-43.3318,-22.86],[-43.3273,-22.863],[-43.3243,-22.8646],[-43.3223,-22.8643],[-43.3206,-22.8644],[-43.3216,-22.8633],[-43.3224,-22.8618],[-43.3239,-22.8553]]]},"properties":{"codbairro":"084","nome":"Vaz Lobo","rp":"Madureira","regiao_adm":"MADUREIRA"}},
{"type":"Feature","geometry":{"type":"Polygon","coordinates":[[[-43.4615,-22.9042],[-43.459,-22.9027],[-43.4569,-22.9018],[-43.4514,-22.8983],[-43.4505,-22.8963],[-43.4487,-22.894],[-43.4445,-22.8897],[-43.4436,-22.8892],[-43.4401,-22.8857],[-43.4418,-22.8841],[-43.4401,-22.882],[-43.4439,-22.8776],[-43.4456,-22.8751],[-43.4419,-22.875],[-43.4422,-22.8723],[-43.4422,-22.8687],[-43.4431,-22.8686],[-43.448,-22.8652],[-43.4467,-22.8637],[-43.4457,-22.8634],[-43.4463,-22.8622],[-43.4464,-22.8611],[-43.4479,-22.8563],[-43.4503,-22.8565],[-43.4505,-22.8559],[-43.4522,-22.8561],[-43.4532,-22.8568],[-43.4546,-22.8569],[-43.454,-22.8582],[-43.4551,-22.8582],[-43.4558,-22.8587],[-43.4539,-22.8605],[-43.454,-22.8624],[-43.4553,-22.8625],[-43.4553,-22.863],[-43.4514,-22.8684],[-43.451,-22.8683],[-43.4492,-22.8706],[-43.4493,-22.8718],[-43.4553,-22.8716],[-43.4552,-22.8752],[-43.4561,-22.8762],[-43.456,-22.8826],[-43.4525,-22.8825],[-43.4521,-22.8849],[-43.4567,-22.8854],[-43.4549,-22.8871],[-43.4543,-22.8881],[-43.4546,-22.8897],[-43.4548,-22.8935],[-43.4554,-22.8941],[-43.4615,-22.9042]]]},"properties":{"codbairro":"140","nome":"Padre Miguel","rp":"Bangu","regiao_adm":"BANGU"}},
{"type":"Feature","geometry":{"type":"Polygon","coordinates":[[[-43.356,-22.8564],[-43.3619,-22.8554],[-43.3668,-22.8641],[-43.366,-22.8669],[-43.37,-22.869],[-43.3689,-22.8696],[-43.3698,-22.871],[-43.3678,-22.876],[-43.3679,-22.8772],[-43.3606,-22.8781],[-43.359,-22.8784],[-43.3567,-22.8792],[-43.3565,-22.8794],[-43.3568,-22.8767],[-43.3574,-22.8738],[-43.3575,-22.8721],[-43.3572,-22.8714],[-43.3544,-22.868],[-43.3529,-22.8679],[-43.3541,-22.8668],[-43.3541,-22.8649],[-43.3528,-22.8652],[-43.3523,-22.8646],[-43.3534,-22.8633],[-43.3515,-22.8594],[-43.3537,-22.8567],[-43.356,-22.8564]]]},"properties":{"codbairro":"089","nome":"Bento Ribeiro","rp":"Madureira","regiao_adm":"MADUREIRA"}},
{"type":"Feature","geometry":{"type":"Polygon","coordinates":[[[-43.3341,-22.8591],[-43.3356,-22.858],[-43.3371,-22.856],[-43.3396,-22.8563],[-43.3414,-22.8571],[-43.3443,-22.8581],[-43.3463,-22.8585],[-43.3476,-22.8595],[-43.3484,-22.8586],[-43.3506,-22.8598],[-43.3492,-22.8603],[-43.3485,-22.8626],[-43.3474,-22.8634],[-43.3479,-22.865],[-43.3471,-22.8651],[-43.3464,-22.8666],[-43.3437,-22.8681],[-43.343,-22.8688],[-43.3413,-22.8671],[-43.3398,-22.866],[-43.3392,-22.8667],[-43.3384,-22.8654],[-43.3395,-22.8649],[-43.3357,-22.8612],[-43.3341,-22.8591]]]},"properties":{"codbairro":"085","nome":"Turiaçú","rp":"Madureira","regiao_adm":"MADUREIRA"}},
{"type":"Feature","geometry":{"type":"Polygon","coordinates":[[[-43.2471,-22.8691],[-43.2479,-22.8643],[-43.2477,-22.8563],[-43.2524,-22.8568],[-43.2526,-22.8577],[-43.2565,-22.8584],[-43.2568,-22.858],[-43.2582,-22.8586],[-43.2576,-22.8603],[-43.259,-22.8608],[-43.2588,-22.8615],[-43.2598,-22.8619],[-43.2592,-22.8636],[-43.2582,-22.8633],[-43.2574,-22.8656],[-43.2582,-22.8667],[-43.2611,-22.8662],[-43.2645,-22.8659],[-43.2657,-22.8679],[-43.2649,-22.8678],[-43.2627,-22.869],[-43.2589,-22.8683],[-43.2582,-22.8715],[-43.2585,-22.8727],[-43.2569,-22.8763],[-43.2563,-22.877],[-43.2528,-22.8749],[-43.2536,-22.873],[-43.2506,-22.8721],[-43.248,-22.8717],[-43.2464,-22.8707],[-43.2471,-22.8691]]]},"properties":{"codbairro":"040","nome":"Bonsucesso","rp":"Ramos","regiao_adm":"RAMOS"}},
{"type":"Feature","geometry":{"type":"Polygon","coordinates":[[[-43.2859,-22.8576],[-43.287,-22.8569],[-43.2885,-22.857],[-43.288,-22.8583],[-43.2883,-22.8593],[-43.2873,-22.8603],[-43.2877,-22.8665],[-43.2883,-22.8666],[-43.2896,-22.8656],[-43.2903,-22.8656],[-43.2932,-22.8678],[-43.2945,-22.8679],[-43.295,-22.8688],[-43.2915,-22.8699],[-43.2895,-22.871],[-43.2885,-22.872],[-43.2895,-22.8727],[-43.2913,-22.8727],[-43.294,-22.8733],[-43.291,-22.8764],[-43.2897,-22.8763],[-43.2888,-22.8793],[-43.2866,-22.8812],[-43.2887,-22.8829],[-43.2876,-22.8832],[-43.2859,-22.883],[-43.2819,-22.8821],[-43.2817,-22.8813],[-43.2804,-22.8807],[-43.2784,-22.8795],[-43.2768,-22.8775],[-43.2756,-22.8763],[-43.2717,-22.875],[-43.2676,-22.8728],[-43.2684,-22.8722],[-43.2686,-22.8706],[-43.2681,-22.8689],[-43.27,-22.8671],[-43.272,-22.8672],[-43.2758,-22.8626],[-43.2769,-22.8634],[-43.2757,-22.8648],[-43.2761,-22.866],[-43.2745,-22.8679],[-43.2756,-22.8691],[-43.276,-22.8686],[-43.2776,-22.8679],[-43.2803,-22.8673],[-43.2814,-22.8655],[-43.2858,-22.8652],[-43.2855,-22.8615],[-43.2843,-22.8604],[-43.2859,-22.8576]]]},"properties":{"codbairro":"054","nome":"Inhaúma","rp":"Inhaúma","regiao_adm":"INHAUMA"}},
{"type":"Feature","geometry":{"type":"Polygon","coordinates":[[[-43.2981,-22.8591],[-43.3011,-22.8573],[-43.3026,-22.8593],[-43.3046,-22.8608],[-43.3067,-22.8616],[-43.3072,-22.8617],[-43.3074,-22.8631],[-43.3087,-22.8624],[-43.3113,-22.8614],[-43.3145,-22.8614],[-43.3152,-22.8634],[-43.311,-22.8685],[-43.31,-22.8696],[-43.309,-22.8699],[-43.3109,-22.8713],[-43.3085,-22.8734],[-43.3089,-22.8753],[-43.3055,-22.8761],[-43.3035,-22.8767],[-43.3038,-22.8736],[-43.303,-22.8728],[-43.3024,-22.8734],[-43.3011,-22.8729],[-43.2991,-22.8709],[-43.2978,-22.8704],[-43.2985,-22.8694],[-43.2985,-22.8677],[-43.3038,-22.8663],[-43.3049,-22.8662],[-43.3049,-22.8649],[-43.3043,-22.8646],[-43.3,-22.8605],[-43.2981,-22.8591]]]},"properties":{"codbairro":"056","nome":"Tomás Coelho","rp":"Inhaúma","regiao_adm":"INHAUMA"}},
{"type":"Feature","geometry":{"type":"Polygon","coordinates":[[[-43.5146,-22.8605],[-43.519,-22.8604],[-43.5237,-22.8604],[-43.5411,-22.8614],[-43.5416,-22.8627],[-43.5406,-22.864],[-43.5399,-22.8656],[-43.5393,-22.866],[-43.5361,-22.8663],[-43.5354,-22.8672],[-43.5352,-22.8686],[-43.5363,-22.8726],[-43.5354,-22.875],[-43.5339,-22.8746],[-43.5331,-22.8774],[-43.5326,-22.8817],[-43.5313,-22.8828],[-43.5302,-22.8828],[-43.5289,-22.8821],[-43.5273,-22.8821],[-43.5256,-22.8827],[-43.5254,-22.8833],[-43.5258,-22.8852],[-43.5246,-22.8854],[-43.5225,-22.8846],[-43.5216,-22.8868],[-43.521,-22.8865],[-43.5191,-22.8874],[-43.5178,-22.8878],[-43.5167,-22.8873],[-43.5146,-22.887],[-43.5128,-22.8878],[-43.5119,-22.8889],[-43.5099,-22.8901],[-43.5088,-22.8915],[-43.5129,-22.8976],[-43.508,-22.8944],[-43.5066,-22.893],[-43.5037,-22.8926],[-43.5028,-22.8921],[-43.5047,-22.8867],[-43.507,-22.8799],[-43.5081,-22.8775],[-43.5058,-22.8766],[-43.5044,-22.8763],[-43.5052,-22.8751],[-43.5051,-22.8741],[-43.5045,-22.8731],[-43.5056,-22.8725],[-43.5065,-22.8714],[-43.5076,-22.8709],[-43.5091,-22.8715],[-43.5094,-22.871],[-43.5087,-22.8693],[-43.5111,-22.8659],[-43.5124,-22.8634],[-43.5131,-22.863],[-43.5145,-22.863],[-43.5146,-22.8605]]]},"properties":{"codbairro":"143","nome":"Santíssimo","rp":"Campo Grande","regiao_adm":"CAMPO GRANDE"}},
{"type":"Feature","geometry":{"type":"Polygon","coordinates":[[[-43.3243,-22.8646],[-43.3273,-22.863],[-43.3318,-22.86],[-43.3341,-22.8591],[-43.3357,-22.8612],[-43.3395,-22.8649],[-43.3384,-22.8654],[-43.3392,-22.8667],[-43.3398,-22.866],[-43.3413,-22.8671],[-43.343,-22.8688],[-43.3424,-22.8702],[-43.3463,-22.8736],[-43.3468,-22.8746],[-43.3484,-22.8787],[-43.3498,-22.8822],[-43.3484,-22.8827],[-43.3445,-22.8831],[-43.342,-22.8829],[-43.3374,-22.8823],[-43.3351,-22.8823],[-43.3351,-22.8799],[-43.3322,-22.8798],[-43.3309,-22.8806],[-43.3309,-22.879],[-43.3292,-22.8789],[-43.3291,-22.8778],[-43.3292,-22.875],[-43.3314,-22.875],[-43.3316,-22.873],[-43.3294,-22.8715],[-43.3257,-22.8708],[-43.3249,-22.8686],[-43.3252,-22.8655],[-43.3243,-22.8646]]]},"properties":{"codbairro":"083","nome":"Madureira","rp":"Madureira","regiao_adm":"MADUREIRA"}},
{"type":"Feature","geometry":{"type":"Polygon","coordinates":[[[-43.3506,-22.8598],[-43.3515,-22.8594],[-43.3534,-22.8633],[-43.3523,-22.8646],[-43.3528,-22.8652],[-43.3541,-22.8649],[-43.3541,-22.8668],[-43.3529,-22.8679],[-43.3544,-22.868],[-43.3572,-22.8714],[-43.3575,-22.8721],[-43.3574,-22.8738],[-43.3568,-22.8767],[-43.3565,-22.8794],[-43.3537,-22.8808],[-43.3498,-22.8822],[-43.3484,-22.8787],[-43.3468,-22.8746],[-43.3463,-22.8736],[-43.3424,-22.8702],[-43.343,-22.8688],[-43.3437,-22.8681],[-43.3464,-22.8666],[-43.3471,-22.8651],[-43.3479,-22.865],[-43.3474,-22.8634],[-43.3485,-22.8626],[-43.3492,-22.8603],[-43.3506,-22.8598]]]},"properties":{"codbairro":"088","nome":"Osvaldo Cruz","rp":"Madureira","regiao_adm":"MADUREIRA"}},
{"type":"Feature","geometry":{"type":"Polygon","coordinates":[[[-43.6663,-22.8651],[-43.6703,-22.8651],[-43.6725,-22.8639],[-43.6736,-22.8642],[-43.6736,-22.865],[-43.6773,-22.8654],[-43.678,-22.864],[-43.6798,-22.8636],[-43.6809,-22.8625],[-43.6819,-22.8633],[-43.6847,-22.8644],[-43.6859,-22.8651],[-43.6875,-22.8656],[-43.6904,-22.8667],[-43.6916,-22.8647],[-43.6925,-22.8643],[-43.696,-22.8647],[-43.6974,-22.8647],[-43.7011,-22.866],[-43.702,-22.8671],[-43.7033,-22.8679],[-43.707,-22.8686],[-43.7079,-22.868],[-43.7108,-22.8668],[-43.7124,-22.8671],[-43.7142,-22.8688],[-43.7156,-22.8707],[-43.7156,-22.8711],[-43.7176,-22.8725],[-43.7188,-22.8726],[-43.7208,-22.8723],[-43.7234,-22.8726],[-43.7255,-22.8726],[-43.7275,-22.8733],[-43.7335,-22.8779],[-43.7345,-22.8783],[-43.7415,-22.8772],[-43.7464,-22.8775],[-43.7477,-22.8782],[-43.7482,-22.8779],[-43.7517,-22.8798],[-43.7523,-22.8809],[-43.7507,-22.8875],[-43.7515,-22.8886],[-43.7551,-22.8897],[-43.7572,-22.8907],[-43.7583,-22.8902],[-43.7607,-22.8906],[-43.7622,-22.8906],[-43.7635,-22.8916],[-43.7644,-22.892],[-43.7651,-22.894],[-43.7664,-22.8949],[-43.7679,-22.895],[-43.7691,-22.8947],[-43.7691,-22.8935],[-43.7717,-22.8932],[-43.7732,-22.8925],[-43.7746,-22.8927],[-43.7751,-22.8957],[-43.7783,-22.8962],[-43.7791,-22.8948],[-43.7807,-22.8951],[-43.7816,-22.8968],[-43.7817,-22.8976],[-43.781,-22.8993],[-43.7834,-22.9034],[-43.7852,-22.904],[-43.7856,-22.9035],[-43.7859,-22.9018],[-43.7868,-22.901],[-43.7878,-22.9006],[-43.7891,-22.9011],[-43.7897,-22.903],[-43.7906,-22.9034],[-43.7917,-22.9029],[-43.793,-22.9029],[-43.7945,-22.9033],[-43.7951,-22.904],[-43.7955,-22.9062],[-43.795,-22.9076],[-43.7941,-22.908],[-43.7925,-22.9082],[-43.792,-22.9089],[-43.7922,-22.9102],[-43.7912,-22.9119],[-43.7907,-22.9144],[-43.7939,-22.916],[-43.7948,-22.917],[-43.7949,-22.9183],[-43.7939,-22.9209],[-43.7931,-22.9219],[-43.7922,-22.922],[-43.7901,-22.9245],[-43.7899,-22.9255],[-43.7869,-22.9268],[-43.7862,-22.9288],[-43.7853,-22.9289],[-43.784,-22.928],[-43.7809,-22.9288],[-43.779,-22.9298],[-43.7767,-22.9318],[-43.776,-22.933],[-43.7748,-22.937],[-43.7739,-22.9393],[-43.7721,-22.941],[-43.771,-22.9413],[-43.7664,-22.9411],[-43.7641,-22.9404],[-43.7617,-22.9404],[-43.7611,-22.9411],[-43.7603,-22.941],[-43.7599,-22.9399],[-43.7571,-22.9399],[-43.7558,-22.9404],[-43.7536,-22.9418],[-43.7509,-22.9437],[-43.7491,-22.9453],[-43.7476,-22.9461],[-43.7458,-22.9457],[-43.745,-22.9474],[-43.7437,-22.9489],[-43.7407,-22.9513],[-43.7385,-22.9527],[-43.735,-22.9546],[-43.7335,-22.9553],[-43.731,-22.9567],[-43.7296,-22.9578],[-43.7258,-22.9602],[-43.7237,-22.9619],[-43.7209,-22.9652],[-43.7203,-22.9662],[-43.7191,-22.9668],[-43.7169,-22.9658],[-43.714,-22.9657],[-43.7093,-22.9641],[-43.7083,-22.9636],[-43.7074,-22.962],[-43.7056,-22.9582],[-43.7041,-22.9559],[-43.6996,-22.9508],[-43.6953,-22.9468],[-43.6949,-22.946],[-43.6933,-22.9463],[-43.6864,-22.9472],[-43.6842,-22.9465],[-43.6812,-22.9496],[-43.6817,-22.9512],[-43.6829,-22.9529],[-43.6842,-22.9539],[-43.6862,-22.955],[-43.6854,-22.957],[-43.6837,-22.9576],[-43.6831,-22.9582],[-43.683,-22.9595],[-43.6841,-22.9607],[-43.6852,-22.9615],[-43.6874,-22.9621],[-43.6879,-22.9629],[-43.681,-22.9658],[-43.6745,-22.9687],[-43.6708,-22.9704],[-43.6681,-22.9693],[-43.6674,-22.9685],[-43.6664,-22.9683],[-43.665,-22.9673],[-43.6649,-22.9663],[-43.6639,-22.9654],[-43.662,-22.9622],[-43.6591,-22.9588],[-43.6577,-22.9569],[-43.6544,-22.955],[-43.6523,-22.9553],[-43.6518,-22.9545],[-43.6493,-22.9544],[-43.645,-22.9571],[-43.6436,-22.9569],[-43.6421,-22.9559],[-43.6391,-22.9562],[-43.638,-22.9561],[-43.636,-22.9552],[-43.6357,-22.9547],[-43.6332,-22.954],[-43.632,-22.9529],[-43.6288,-22.9516],[-43.6263,-22.9511],[-43.6255,-22.9503],[-43.6232,-22.9495],[-43.6216,-22.9491],[-43.6198,-22.9481],[-43.6191,-22.9475],[-43.6171,-22.9463],[-43.6167,-22.9443],[-43.6147,-22.9422],[-43.6141,-22.942],[-43.6135,-22.9377],[-43.6134,-22.9362],[-43.6147,-22.9347],[-43.6163,-22.9348],[-43.6217,-22.9362],[-43.6228,-22.9373],[-43.6266,-22.9392],[-43.6297,-22.9398],[-43.6305,-22.9396],[-43.6317,-22.9383],[-43.6334,-22.9372],[-43.636,-22.9345],[-43.6368,-22.9344],[-43.6429,-22.9273],[-43.6424,-22.9265],[-43.644,-22.9243],[-43.6448,-22.9239],[-43.6461,-22.9238],[-43.6479,-22.922],[-43.6489,-22.9215],[-43.6513,-22.9212],[-43.651,-22.9187],[-43.6518,-22.9186],[-43.6516,-22.9161],[-43.6573,-22.9123],[-43.6583,-22.9115],[-43.6622,-22.9094],[-43.6586,-22.9074],[-43.6569,-22.9056],[-43.6553,-22.9027],[-43.6542,-22.8975],[-43.6539,-22.8965],[-43.6538,-22.894],[-43.6533,-22.89],[-43.6537,-22.8892],[-43.6554,-22.8874],[-43.6473,-22.8849],[-43.644,-22.8839],[-43.6439,-22.8804],[-43.6437,-22.8782],[-43.6442,-22.878],[-43.6464,-22.8785],[-43.6486,-22.8781],[-43.6532,-22.8782],[-43.6564,-22.8799],[-43.6582,-22.8799],[-43.6597,-22.8805],[-43.6608,-22.8805],[-43.6643,-22.8832],[-43.6655,-22.8783],[-43.6656,-22.8764],[-43.6632,-22.8743],[-43.6614,-22.873],[-43.6599,-22.8728],[-43.6585,-22.8721],[-43.6613,-22.8681],[-43.663,-22.8675],[-43.6633,-22.8685],[-43.6668,-22.8681],[-43.6663,-22.8651]]]},"properties":{"codbairro":"149","nome":"Santa Cruz","rp":"Santa Cruz","regiao_adm":"SANTA CRUZ"}},
{"type":"Feature","geometry":{"type":"Polygon","coordinates":[[[-43.4093,-22.8827],[-43.4074,-22.8767],[-43.4051,-22.8765],[-43.4076,-22.8735],[-43.4117,-22.8695],[-43.4127,-22.8677],[-43.4092,-22.866],[-43.4114,-22.862],[-43.4149,-22.8634],[-43.4193,-22.8648],[-43.4192,-22.8654],[-43.4197,-22.8709],[-43.4199,-22.8749],[-43.4185,-22.8757],[-43.4203,-22.8774],[-43.4195,-22.8777],[-43.4159,-22.8786],[-43.415,-22.8791],[-43.4136,-22.8807],[-43.4113,-22.8821],[-43.4093,-22.8827]]]},"properties":{"codbairro":"138","nome":"Magalhães Bastos","rp":"Bangu","regiao_adm":"REALENGO"}},
{"type":"Feature","geometry":{"type":"Polygon","coordinates":[[[-43.4701,-22.9145],[-43.472,-22.9138],[-43.4736,-22.9126],[-43.4748,-22.9111],[-43.4764,-22.9095],[-43.4768,-22.9067],[-43.4773,-22.9016],[-43.478,-22.8999],[-43.4801,-22.8983],[-43.4794,-22.8952],[-43.4801,-22.8926],[-43.4791,-22.8922],[-43.4821,-22.8816],[-43.4819,-22.876],[-43.4824,-22.8757],[-43.4826,-22.8708],[-43.4845,-22.871],[-43.4857,-22.8671],[-43.4861,-22.8662],[-43.4874,-22.8645],[-43.489,-22.8646],[-43.4907,-22.8655],[-43.4941,-22.8651],[-43.4959,-22.8646],[-43.4976,-22.8645],[-43.4992,-22.8654],[-43.5005,-22.8665],[-43.5017,-22.8667],[-43.5026,-22.8674],[-43.5042,-22.8675],[-43.5069,-22.8684],[-43.5087,-22.8693],[-43.5094,-22.871],[-43.5091,-22.8715],[-43.5076,-22.8709],[-43.5065,-22.8714],[-43.5056,-22.8725],[-43.5045,-22.8731],[-43.5051,-22.8741],[-43.5052,-22.8751],[-43.5044,-22.8763],[-43.5058,-22.8766],[-43.5081,-22.8775],[-43.507,-22.8799],[-43.5047,-22.8867],[-43.5028,-22.8921],[-43.5037,-22.8926],[-43.5066,-22.893],[-43.508,-22.8944],[-43.5129,-22.8976],[-43.5115,-22.8984],[-43.5077,-22.8995],[-43.5064,-22.9012],[-43.5024,-22.905],[-43.5011,-22.9042],[-43.4993,-22.9043],[-43.4993,-22.905],[-43.4981,-22.9078],[-43.4944,-22.9092],[-43.4934,-22.9134],[-43.4966,-22.9172],[-43.4965,-22.9192],[-43.4956,-22.9205],[-43.4953,-22.9229],[-43.4911,-22.9243],[-43.4905,-22.9253],[-43.4888,-22.9267],[-43.4876,-22.927],[-43.4863,-22.9267],[-43.4845,-22.9256],[-43.4829,-22.9256],[-43.4798,-22.9273],[-43.4743,-22.931],[-43.4729,-22.9318],[-43.4724,-22.9279],[-43.4713,-22.9264],[-43.4693,-22.9248],[-43.4676,-22.9232],[-43.4686,-22.9221],[-43.4692,-22.92],[-43.4688,-22.9172],[-43.4677,-22.9163],[-43.4701,-22.9145]],[[-43.4935,-22.8835],[-43.4946,-22.8832],[-43.4964,-22.8821],[-43.4972,-22.8792],[-43.4921,-22.8782],[-43.4905,-22.8795],[-43.4896,-22.8825],[-43.4896,-22.8831],[-43.4935,-22.8835]]]},"properties":{"codbairro":"142","nome":"Senador Camará","rp":"Bangu","regiao_adm":"BANGU"}},
{"type":"Feature","geometry":{"type":"Polygon","coordinates":[[[-43.3089,-22.8753],[-43.3085,-22.8734],[-43.3109,-22.8713],[-43.309,-22.8699],[-43.31,-22.8696],[-43.311,-22.8685],[-43.3152,-22.8634],[-43.3177,-22.8636],[-43.3206,-22.8644],[-43.3223,-22.8643],[-43.3243,-22.8646],[-43.3252,-22.8655],[-43.3249,-22.8686],[-43.3257,-22.8708],[-43.322,-22.8718],[-43.3207,-22.8734],[-43.3205,-22.8765],[-43.3191,-22.8767],[-43.3175,-22.876],[-43.3149,-22.8787],[-43.3136,-22.8801],[-43.3108,-22.8779],[-43.3101,-22.8752],[-43.3089,-22.8753]]]},"properties":{"codbairro":"080","nome":"Cavalcanti","rp":"Madureira","regiao_adm":"MADUREIRA"}},
{"type":"Feature","geometry":{"type":"Polygon","coordinates":[[[-43.3734,-22.8767],[-43.373,-22.8758],[-43.3744,-22.8725],[-43.3753,-22.8715],[-43.376,-22.8696],[-43.3783,-22.8666],[-43.3816,-22.8674],[-43.3818,-22.8684],[-43.386,-22.8715],[-43.3882,-22.8745],[-43.3913,-22.8762],[-43.3918,-22.8767],[-43.3924,-22.8782],[-43.3941,-22.879],[-43.3941,-22.8796],[-43.3934,-22.8815],[-43.3938,-22.8819],[-43.3968,-22.884],[-43.3983,-22.8855],[-43.3916,-22.885],[-43.3887,-22.885],[-43.3884,-22.8864],[-43.3872,-22.8875],[-43.385,-22.8875],[-43.3807,-22.8861],[-43.3778,-22.8861],[-43.3765,-22.8858],[-43.3759,-22.8848],[-43.3759,-22.8833],[-43.3752,-22.8801],[-43.3746,-22.8794],[-43.374,-22.8767],[-43.3734,-22.8767]]]},"properties":{"codbairro":"136","nome":"Campo dos Afonsos","rp":"Bangu","regiao_adm":"REALENGO"}},
{"type":"Feature","geometry":{"type":"Polygon","coordinates":[[[-43.2563,-22.877],[-43.2569,-22.8763],[-43.2585,-22.8727],[-43.2582,-22.8715],[-43.2589,-22.8683],[-43.2627,-22.869],[-43.2649,-22.8678],[-43.2657,-22.8679],[-43.2673,-22.8688],[-43.2681,-22.8689],[-43.2686,-22.8706],[-43.2684,-22.8722],[-43.2676,-22.8728],[-43.2657,-22.8749],[-43.2659,-22.8762],[-43.2644,-22.878],[-43.2625,-22.8781],[-43.2606,-22.8788],[-43.2594,-22.88],[-43.2566,-22.8813],[-43.2547,-22.8792],[-43.2563,-22.877]]]},"properties":{"codbairro":"050","nome":"Higienópolis","rp":"Inhaúma","regiao_adm":"INHAUMA"}},
{"type":"Feature","geometry":{"type":"Polygon","coordinates":[[[-43.2393,-22.8799],[-43.2395,-22.8801],[-43.2419,-22.8767],[-43.2447,-22.8731],[-43.2444,-22.8697],[-43.2462,-22.8696],[-43.2471,-22.8691],[-43.2464,-22.8707],[-43.248,-22.8717],[-43.2506,-22.8721],[-43.2536,-22.873],[-43.2528,-22.8749],[-43.2563,-22.877],[-43.2547,-22.8792],[-43.2566,-22.8813],[-43.2558,-22.8816],[-43.2546,-22.8826],[-43.2531,-22.8842],[-43.2522,-22.8835],[-43.25,-22.8825],[-43.2476,-22.8887],[-43.2445,-22.8884],[-43.24,-22.8889],[-43.2384,-22.8889],[-43.2368,-22.8883],[-43.2337,-22.8866],[-43.2341,-22.886],[-43.2382,-22.8814],[-43.2393,-22.8799]]]},"properties":{"codbairro":"039","nome":"Manguinhos","rp":"Ramos","regiao_adm":"RAMOS"}},
{"type":"Feature","geometry":{"type":"Polygon","coordinates":[[[-43.3191,-22.8767],[-43.3205,-22.8765],[-43.3207,-22.8734],[-43.322,-22.8718],[-43.3257,-22.8708],[-43.3294,-22.8715],[-43.3316,-22.873],[-43.3314,-22.875],[-43.3292,-22.875],[-43.3291,-22.8778],[-43.3243,-22.8776],[-43.3231,-22.8777],[-43.3222,-22.8785],[-43.3202,-22.8769],[-43.3191,-22.8767]]]},"properties":{"codbairro":"081","nome":"Engenheiro Leal","rp":"Madureira","regiao_adm":"MADUREIRA"}},
{"type":"Feature","geometry":{"type":"Polygon","coordinates":[[[-43.294,-22.8733],[-43.2961,-22.8713],[-43.2972,-22.8721],[-43.2991,-22.8709],[-43.3011,-22.8729],[-43.3024,-22.8734],[-43.303,-22.8728],[-43.3038,-22.8736],[-43.3035,-22.8767],[-43.3037,-22.8781],[-43.3023,-22.8797],[-43.3018,-22.8806],[-43.3005,-22.88],[-43.2994,-22.8829],[-43.2985,-22.8825],[-43.297,-22.885],[-43.2951,-22.8872],[-43.2959,-22.8876],[-43.2954,-22.8889],[-43.2943,-22.8904],[-43.2939,-22.8889],[-43.2928,-22.8874],[-43.2931,-22.8871],[-43.2907,-22.8842],[-43.2887,-22.8829],[-43.2866,-22.8812],[-43.2888,-22.8793],[-43.2897,-22.8763],[-43.291,-22.8764],[-43.294,-22.8733]]]},"properties":{"codbairro":"071","nome":"Pilares","rp":"Méier","regiao_adm":"MEIER"}},
{"type":"Feature","geometry":{"type":"Polygon","coordinates":[[[-43.2644,-22.878],[-43.2659,-22.8762],[-43.2657,-22.8749],[-43.2676,-22.8728],[-43.2717,-22.875],[-43.2756,-22.8763],[-43.2768,-22.8775],[-43.2784,-22.8795],[-43.2804,-22.8807],[-43.2817,-22.8813],[-43.2819,-22.8821],[-43.2778,-22.8848],[-43.2768,-22.8839],[-43.275,-22.8866],[-43.2724,-22.8849],[-43.2707,-22.8838],[-43.2699,-22.8838],[-43.2663,-22.8818],[-43.2657,-22.8811],[-43.2635,-22.8798],[-43.2644,-22.878]]]},"properties":{"codbairro":"053","nome":"Del Castilho","rp":"Inhaúma","regiao_adm":"INHAUMA"}},
{"type":"Feature","geometry":{"type":"Polygon","coordinates":[[[-43.3089,-22.8753],[-43.3101,-22.8752],[-43.3108,-22.8779],[-43.3136,-22.8801],[-43.312,-22.8816],[-43.3108,-22.8852],[-43.3135,-22.8886],[-43.313,-22.8886],[-43.3147,-22.8925],[-43.3155,-22.8936],[-43.3168,-22.8945],[-43.3172,-22.8959],[-43.3171,-22.8971],[-43.3186,-22.8987],[-43.3214,-22.8992],[-43.3236,-22.9015],[-43.3239,-22.9028],[-43.3245,-22.9041],[-43.3262,-22.9049],[-43.3266,-22.9066],[-43.3251,-22.9095],[-43.3231,-22.9107],[-43.3224,-22.91],[-43.3194,-22.9087],[-43.3163,-22.9078],[-43.3152,-22.9044],[-43.3109,-22.9056],[-43.31,-22.903],[-43.3082,-22.8975],[-43.3082,-22.8961],[-43.3045,-22.896],[-43.3059,-22.8951],[-43.3051,-22.8941],[-43.3066,-22.893],[-43.3052,-22.8907],[-43.3033,-22.89],[-43.3031,-22.8894],[-43.3012,-22.8884],[-43.3037,-22.8824],[-43.3021,-22.8824],[-43.3028,-22.8804],[-43.3035,-22.8809],[-43.3046,-22.8798],[-43.3023,-22.8797],[-43.3037,-22.8781],[-43.3035,-22.8767],[-43.3055,-22.8761],[-43.3089,-22.8753]]]},"properties":{"codbairro":"069","nome":"Piedade","rp":"Méier","regiao_adm":"MEIER"}},
{"type":"Feature","geometry":{"type":"Polygon","coordinates":[[[-43.3149,-22.8787],[-43.3175,-22.876],[-43.3191,-22.8767],[-43.3202,-22.8769],[-43.3222,-22.8785],[-43.3231,-22.8777],[-43.3243,-22.8776],[-43.3291,-22.8778],[-43.3292,-22.8789],[-43.3309,-22.879],[-43.3309,-22.8806],[-43.3322,-22.8798],[-43.3351,-22.8799],[-43.3351,-22.8823],[-43.3374,-22.8823],[-43.342,-22.8829],[-43.3415,-22.8837],[-43.3399,-22.8851],[-43.3398,-22.886],[-43.3398,-22.8899],[-43.3394,-22.8906],[-43.34,-22.8926],[-43.3383,-22.8942],[-43.3386,-22.8955],[-43.3381,-22.8962],[-43.3345,-22.8951],[-43.3304,-22.8923],[-43.3292,-22.892],[-43.3303,-22.8905],[-43.3284,-22.8889],[-43.3267,-22.8902],[-43.3242,-22.8871],[-43.3239,-22.8865],[-43.3213,-22.8845],[-43.3204,-22.8833],[-43.3149,-22.8787]]]},"properties":{"codbairro":"082","nome":"Cascadura","rp":"Madureira","regiao_adm":"MADUREIRA"}},
{"type":"Feature","geometry":{"type":"Polygon","coordinates":[[[-43.3679,-22.8772],[-43.3691,-22.8773],[-43.3724,-22.8766],[-43.3734,-22.8767],[-43.374,-22.8767],[-43.3746,-22.8794],[-43.375,-22.8811],[-43.3749,-22.884],[-43.375,-22.8874],[-43.3749,-22.8889],[-43.3754,-22.8895],[-43.3761,-22.8921],[-43.3769,-22.8926],[-43.3776,-22.8947],[-43.375,-22.8982],[-43.3747,-22.9012],[-43.3739,-22.9006],[-43.3725,-22.9007],[-43.3695,-22.9028],[-43.3668,-22.9027],[-43.3684,-22.9015],[-43.3688,-22.9],[-43.3685,-22.8982],[-43.3679,-22.8975],[-43.365,-22.8964],[-43.3629,-22.8958],[-43.3615,-22.8961],[-43.3617,-22.894],[-43.3588,-22.8911],[-43.3581,-22.8916],[-43.3553,-22.8872],[-43.3549,-22.8859],[-43.3555,-22.8851],[-43.3566,-22.8845],[-43.3564,-22.8834],[-43.3567,-22.8792],[-43.359,-22.8784],[-43.3606,-22.8781],[-43.3679,-22.8772]]]},"properties":{"codbairro":"125","nome":"Vila Valqueire","rp":"Jacarepaguá","regiao_adm":"JACAREPAGUA"}},
{"type":"Feature","geometry":{"type":"Polygon","coordinates":[[[-43.2566,-22.8813],[-43.2594,-22.88],[-43.2606,-22.8788],[-43.2625,-22.8781],[-43.2644,-22.878],[-43.2635,-22.8798],[-43.2657,-22.8811],[-43.2663,-22.8818],[-43.2699,-22.8838],[-43.2707,-22.8838],[-43.2724,-22.8849],[-43.2716,-22.886],[-43.2699,-22.8863],[-43.2694,-22.8873],[-43.2683,-22.8873],[-43.2658,-22.8859],[-43.2651,-22.8867],[-43.2642,-22.8862],[-43.2637,-22.8869],[-43.2612,-22.8856],[-43.2558,-22.8816],[-43.2566,-22.8813]]]},"properties":{"codbairro":"052","nome":"Maria da Graça","rp":"Inhaúma","regiao_adm":"INHAUMA"}},
{"type":"Feature","geometry":{"type":"Polygon","coordinates":[[[-43.3136,-22.8801],[-43.3149,-22.8787],[-43.3204,-22.8833],[-43.3213,-22.8845],[-43.3239,-22.8865],[-43.3242,-22.8871],[-43.3267,-22.8902],[-43.3284,-22.8889],[-43.3303,-22.8905],[-43.3292,-22.892],[-43.3304,-22.8923],[-43.3345,-22.8951],[-43.3381,-22.8962],[-43.3389,-22.8982],[-43.339,-22.8998],[-43.3385,-22.901],[-43.3368,-22.9037],[-43.3356,-22.9043],[-43.333,-22.9058],[-43.3314,-22.9065],[-43.3297,-22.909],[-43.3289,-22.9114],[-43.3288,-22.9128],[-43.3259,-22.9113],[-43.3242,-22.9108],[-43.3231,-22.9107],[-43.3251,-22.9095],[-43.3266,-22.9066],[-43.3262,-22.9049],[-43.3245,-22.9041],[-43.3239,-22.9028],[-43.3236,-22.9015],[-43.3214,-22.8992],[-43.3186,-22.8987],[-43.3171,-22.8971],[-43.3172,-22.8959],[-43.3168,-22.8945],[-43.3155,-22.8936],[-43.3147,-22.8925],[-43.313,-22.8886],[-43.3135,-22.8886],[-43.3108,-22.8852],[-43.312,-22.8816],[-43.3136,-22.8801]]]},"properties":{"codbairro":"079","nome":"Quintino Bocaiúva","rp":"Madureira","regiao_adm":"MADUREIRA"}},
{"type":"Feature","geometry":{"type":"Polygon","coordinates":[[[-43.3747,-22.9012],[-43.375,-22.8982],[-43.3776,-22.8947],[-43.3769,-22.8926],[-43.3761,-22.8921],[-43.3754,-22.8895],[-43.3749,-22.8889],[-43.375,-22.8874],[-43.3749,-22.884],[-43.375,-22.8811],[-43.3746,-22.8794],[-43.3752,-22.8801],[-43.3759,-22.8833],[-43.3759,-22.8848],[-43.3765,-22.8858],[-43.3778,-22.8861],[-43.3807,-22.8861],[-43.385,-22.8875],[-43.3872,-22.8875],[-43.3884,-22.8864],[-43.3887,-22.885],[-43.3916,-22.885],[-43.3983,-22.8855],[-43.3986,-22.8857],[-43.4029,-22.8848],[-43.4059,-22.8843],[-43.4061,-22.8846],[-43.4064,-22.8879],[-43.4083,-22.8908],[-43.4088,-22.8927],[-43.4116,-22.8963],[-43.415,-22.8987],[-43.4175,-22.9011],[-43.4165,-22.9026],[-43.4151,-22.9037],[-43.4155,-22.9064],[-43.3966,-22.9044],[-43.3933,-22.904],[-43.3905,-22.9033],[-43.3892,-22.9033],[-43.3866,-22.9026],[-43.3855,-22.9036],[-43.3833,-22.9052],[-43.3819,-22.9055],[-43.3801,-22.9069],[-43.3796,-22.907],[-43.3785,-22.9061],[-43.3741,-22.9035],[-43.3747,-22.9012]]]},"properties":{"codbairro":"137","nome":"Jardim Sulacap","rp":"Bangu","regiao_adm":"REALENGO"}},
{"type":"Feature","geometry":{"type":"Polygon","coordinates":[[[-43.3565,-22.8794],[-43.3567,-22.8792],[-43.3564,-22.8834],[-43.3444,-22.8898],[-43.3398,-22.8899],[-43.3398,-22.886],[-43.3399,-22.8851],[-43.3415,-22.8837],[-43.342,-22.8829],[-43.3445,-22.8831],[-43.3484,-22.8827],[-43.3498,-22.8822],[-43.3537,-22.8808],[-43.3565,-22.8794]]]},"properties":{"codbairro":"078","nome":"Campinho","rp":"Madureira","regiao_adm":"MADUREIRA"}},
{"type":"Feature","geometry":{"type":"Polygon","coordinates":[[[-43.2943,-22.8904],[-43.2954,-22.8889],[-43.2959,-22.8876],[-43.2951,-22.8872],[-43.297,-22.885],[-43.2985,-22.8825],[-43.2994,-22.8829],[-43.3005,-22.88],[-43.3018,-22.8806],[-43.3023,-22.8797],[-43.3046,-22.8798],[-43.3035,-22.8809],[-43.3028,-22.8804],[-43.3021,-22.8824],[-43.3037,-22.8824],[-43.3012,-22.8884],[-43.301,-22.8912],[-43.2981,-22.8897],[-43.2971,-22.8915],[-43.2946,-22.8902],[-43.2943,-22.8904]]]},"properties":{"codbairro":"070","nome":"Abolição","rp":"Méier","regiao_adm":"MEIER"}},
{"type":"Feature","geometry":{"type":"Polygon","coordinates":[[[-43.5129,-22.8976],[-43.5088,-22.8915],[-43.5099,-22.8901],[-43.5119,-22.8889],[-43.5128,-22.8878],[-43.5146,-22.887],[-43.5167,-22.8873],[-43.5178,-22.8878],[-43.5191,-22.8874],[-43.521,-22.8865],[-43.5216,-22.8868],[-43.5225,-22.8846],[-43.5246,-22.8854],[-43.5258,-22.8852],[-43.5254,-22.8833],[-43.5256,-22.8827],[-43.5273,-22.8821],[-43.5289,-22.8821],[-43.5302,-22.8828],[-43.5313,-22.8828],[-43.5324,-22.8842],[-43.5321,-22.8849],[-43.5331,-22.8854],[-43.5355,-22.8846],[-43.5379,-22.8855],[-43.5396,-22.8857],[-43.5407,-22.8873],[-43.5416,-22.8875],[-43.5427,-22.8886],[-43.5438,-22.8887],[-43.5469,-22.8899],[-43.5451,-22.8944],[-43.5443,-22.8952],[-43.5451,-22.8958],[-43.5462,-22.8962],[-43.5458,-22.8969],[-43.544,-22.8989],[-43.5445,-22.8991],[-43.5436,-22.9049],[-43.541,-22.9052],[-43.5404,-22.9041],[-43.5365,-22.9071],[-43.535,-22.9072],[-43.5338,-22.9063],[-43.5333,-22.9068],[-43.5324,-22.9091],[-43.5315,-22.9089],[-43.5293,-22.9074],[-43.5268,-22.9049],[-43.5266,-22.9028],[-43.5257,-22.9017],[-43.526,-22.9005],[-43.5251,-22.8987],[-43.5236,-22.8976],[-43.5193,-22.8973],[-43.5129,-22.8976]]]},"properties":{"codbairro":"145","nome":"Senador Vasconcelos","rp":"Campo Grande","regiao_adm":"CAMPO GRANDE"}},
{"type":"Feature","geometry":{"type":"Polygon","coordinates":[[[-43.5956,-22.8897],[-43.5969,-22.8884],[-43.5982,-22.8879],[-43.5996,-22.8868],[-43.6022,-22.8862],[-43.604,-22.8864],[-43.6088,-22.885],[-43.6125,-22.8858],[-43.615,-22.8857],[-43.6177,-22.8861],[-43.6184,-22.8855],[-43.6215,-22.891],[-43.6194,-22.8975],[-43.6196,-22.8983],[-43.6211,-22.8993],[-43.6226,-22.8997],[-43.6237,-22.9009],[-43.6244,-22.9008],[-43.6271,-22.9026],[-43.6265,-22.9036],[-43.6278,-22.9057],[-43.6272,-22.9073],[-43.6287,-22.9089],[-43.6269,-22.911],[-43.6279,-22.9117],[-43.6277,-22.9124],[-43.6264,-22.9141],[-43.6274,-22.915],[-43.6251,-22.9163],[-43.6243,-22.9199],[-43.621,-22.9195],[-43.6215,-22.9266],[-43.6217,-22.9306],[-43.6216,-22.9322],[-43.6217,-22.9362],[-43.6163,-22.9348],[-43.6147,-22.9347],[-43.6059,-22.9344],[-43.6061,-22.9318],[-43.6059,-22.93],[-43.605,-22.9284],[-43.6054,-22.9265],[-43.6066,-22.9248],[-43.6062,-22.9238],[-43.607,-22.9223],[-43.6068,-22.9138],[-43.6063,-22.9112],[-43.6046,-22.9109],[-43.6038,-22.9037],[-43.602,-22.9047],[-43.6016,-22.9014],[-43.5979,-22.9006],[-43.5969,-22.8919],[-43.5961,-22.8919],[-43.5956,-22.8897]]]},"properties":{"codbairro":"147","nome":"Cosmos","rp":"Campo Grande","regiao_adm":"CAMPO GRANDE"}},
{"type":"Feature","geometry":{"type":"Polygon","coordinates":[[[-43.2531,-22.8842],[-43.2546,-22.8826],[-43.2558,-22.8816],[-43.2612,-22.8856],[-43.2637,-22.8869],[-43.2646,-22.8879],[-43.2651,-22.89],[-43.2635,-22.8905],[-43.2633,-22.8925],[-43.264,-22.8934],[-43.2634,-22.8942],[-43.262,-22.8946],[-43.2616,-22.8942],[-43.2619,-22.8921],[-43.2612,-22.8904],[-43.2602,-22.8898],[-43.2592,-22.8906],[-43.2583,-22.8906],[-43.2565,-22.889],[-43.2552,-22.8888],[-43.2535,-22.888],[-43.2542,-22.8897],[-43.2528,-22.8909],[-43.2517,-22.8901],[-43.252,-22.8884],[-43.2513,-22.8881],[-43.2491,-22.8901],[-43.2487,-22.8898],[-43.2499,-22.8874],[-43.2516,-22.8863],[-43.2531,-22.8842]]]},"properties":{"codbairro":"155","nome":"Jacarezinho","rp":"Méier","regiao_adm":"JACAREZINHO"}},
{"type":"Feature","geometry":{"type":"Polygon","coordinates":[[[-43.2724,-22.8849],[-43.275,-22.8866],[-43.2768,-22.8839],[-43.2778,-22.8848],[-43.2819,-22.8821],[-43.2859,-22.883],[-43.2858,-22.8849],[-43.2862,-22.8853],[-43.2848,-22.8876],[-43.2843,-22.8876],[-43.2826,-22.8919],[-43.2782,-22.8922],[-43.2771,-22.8922],[-43.275,-22.8955],[-43.2745,-22.8952],[-43.2734,-22.8957],[-43.2708,-22.8985],[-43.2702,-22.8994],[-43.2676,-22.8974],[-43.2666,-22.896],[-43.265,-22.893],[-43.2633,-22.8925],[-43.2635,-22.8905],[-43.2651,-22.89],[-43.2646,-22.8879],[-43.2637,-22.8869],[-43.2642,-22.8862],[-43.2651,-22.8867],[-43.2658,-22.8859],[-43.2683,-22.8873],[-43.2694,-22.8873],[-43.2699,-22.8863],[-43.2716,-22.886],[-43.2724,-22.8849]]]},"properties":{"codbairro":"065","nome":"Cachambi","rp":"Méier","regiao_adm":"MEIER"}},
{"type":"Feature","geometry":{"type":"Polygon","coordinates":[[[-43.3398,-22.8899],[-43.3444,-22.8898],[-43.3564,-22.8834],[-43.3566,-22.8845],[-43.3555,-22.8851],[-43.3549,-22.8859],[-43.3553,-22.8872],[-43.3581,-22.8916],[-43.3588,-22.8911],[-43.3617,-22.894],[-43.3615,-22.8961],[-43.3629,-22.8958],[-43.365,-22.8964],[-43.3679,-22.8975],[-43.3685,-22.8982],[-43.3688,-22.9],[-43.3684,-22.9015],[-43.3668,-22.9027],[-43.3664,-22.9032],[-43.367,-22.9047],[-43.3666,-22.9067],[-43.3652,-22.9079],[-43.3619,-22.9123],[-43.3582,-22.9129],[-43.3564,-22.9127],[-43.3542,-22.911],[-43.3533,-22.9108],[-43.3501,-22.9106],[-43.3481,-22.9096],[-43.3469,-22.9095],[-43.3437,-22.9075],[-43.3413,-22.9076],[-43.3391,-22.9067],[-43.3356,-22.9043],[-43.3368,-22.9037],[-43.3385,-22.901],[-43.339,-22.8998],[-43.3389,-22.8982],[-43.3381,-22.8962],[-43.3386,-22.8955],[-43.3383,-22.8942],[-43.34,-22.8926],[-43.3394,-22.8906],[-43.3398,-22.8899]]]},"properties":{"codbairro":"124","nome":"Praça Seca","rp":"Jacarepaguá","regiao_adm":"JACAREPAGUA"}},
{"type":"Feature","geometry":{"type":"Polygon","coordinates":[[[-43.2337,-22.8866],[-43.2368,-22.8883],[-43.2384,-22.8889],[-43.24,-22.8889],[-43.2445,-22.8884],[-43.2476,-22.8887],[-43.25,-22.8825],[-43.2522,-22.8835],[-43.2531,-22.8842],[-43.2516,-22.8863],[-43.2499,-22.8874],[-43.2487,-22.8898],[-43.2471,-22.8901],[-43.2453,-22.895],[-43.2448,-22.8958],[-43.2448,-22.8969],[-43.2439,-22.8976],[-43.2434,-22.897],[-43.242,-22.898],[-43.2413,-22.8998],[-43.2396,-22.8991],[-43.2393,-22.8998],[-43.2367,-22.9],[-43.2355,-22.9006],[-43.235,-22.8998],[-43.2367,-22.8983],[-43.2368,-22.8966],[-43.2331,-22.897],[-43.2327,-22.8954],[-43.2331,-22.8945],[-43.2325,-22.8914],[-43.2337,-22.8897],[-43.2309,-22.8874],[-43.2306,-22.8869],[-43.232,-22.8862],[-43.2326,-22.8871],[-43.2337,-22.8866]]]},"properties":{"codbairro":"012","nome":"Benfica","rp":"Centro","regiao_adm":"SAO CRISTOVAO"}},
{"type":"Feature","geometry":{"type":"Polygon","coordinates":[[[-43.2859,-22.883],[-43.2876,-22.8832],[-43.2887,-22.8829],[-43.2907,-22.8842],[-43.2931,-22.8871],[-43.2928,-22.8874],[-43.2939,-22.8889],[-43.2943,-22.8904],[-43.2946,-22.8902],[-43.2971,-22.8915],[-43.2984,-22.8924],[-43.301,-22.8924],[-43.301,-22.8954],[-43.3008,-22.8965],[-43.3034,-22.9046],[-43.303,-22.9067],[-43.3031,-22.9099],[-43.3025,-22.9104],[-43.3025,-22.913],[-43.3029,-22.9139],[-43.3041,-22.9153],[-43.306,-22.9183],[-43.3036,-22.9194],[-43.301,-22.921],[-43.2976,-22.9211],[-43.2951,-22.9165],[-43.296,-22.915],[-43.2943,-22.9142],[-43.2941,-22.9135],[-43.2949,-22.9114],[-43.2932,-22.9102],[-43.2938,-22.909],[-43.2931,-22.9078],[-43.2934,-22.9065],[-43.293,-22.9052],[-43.2931,-22.904],[-43.2924,-22.9038],[-43.2925,-22.9016],[-43.2922,-22.9005],[-43.2914,-22.8999],[-43.2891,-22.8962],[-43.2867,-22.8969],[-43.2875,-22.8941],[-43.2878,-22.8917],[-43.2879,-22.888],[-43.2871,-22.8871],[-43.2848,-22.8876],[-43.2862,-22.8853],[-43.2858,-22.8849],[-43.2859,-22.883]]]},"properties":{"codbairro":"066","nome":"Engenho de Dentro","rp":"Méier","regiao_adm":"MEIER"}},
{"type":"Feature","geometry":{"type":"Polygon","coordinates":[[[-43.2103,-22.8989],[-43.2106,-22.899],[-43.2148,-22.895],[-43.2179,-22.8885],[-43.2193,-22.8889],[-43.2219,-22.8888],[-43.2231,-22.8882],[-43.2259,-22.8855],[-43.2277,-22.885],[-43.2207,-22.8937],[-43.2258,-22.8989],[-43.2274,-22.8943],[-43.2285,-22.8943],[-43.2289,-22.8915],[-43.2325,-22.8914],[-43.2331,-22.8945],[-43.2327,-22.8954],[-43.2331,-22.897],[-43.2368,-22.8966],[-43.2367,-22.8983],[-43.235,-22.8998],[-43.2355,-22.9006],[-43.235,-22.9001],[-43.2324,-22.9007],[-43.2324,-22.9035],[-43.2321,-22.907],[-43.2315,-22.9086],[-43.233,-22.909],[-43.2345,-22.9089],[-43.2263,-22.91],[-43.2244,-22.9097],[-43.2237,-22.9101],[-43.2225,-22.9098],[-43.2199,-22.9097],[-43.2178,-22.9076],[-43.2098,-22.9069],[-43.2103,-22.8989]]]},"properties":{"codbairro":"010","nome":"Imperial de São Cristóvão","rp":"Centro","regiao_adm":"SAO CRISTOVAO"}},
{"type":"Feature","geometry":{"type":"Polygon","coordinates":[[[-43.2325,-22.8914],[-43.2289,-22.8915],[-43.2285,-22.8943],[-43.2274,-22.8943],[-43.2258,-22.8989],[-43.2207,-22.8937],[-43.2277,-22.885],[-43.2283,-22.8852],[-43.2306,-22.8869],[-43.2309,-22.8874],[-43.2337,-22.8897],[-43.2325,-22.8914]]]},"properties":{"codbairro":"158","nome":"Vasco da Gama","rp":"Centro","regiao_adm":"SAO CRISTOVAO"}},
{"type":"Feature","geometry":{"type":"Polygon","coordinates":[[[-43.6038,-22.934],[-43.6032,-22.934],[-43.6006,-22.9325],[-43.6,-22.9318],[-43.5995,-22.9294],[-43.5974,-22.9284],[-43.5967,-22.9276],[-43.5952,-22.9273],[-43.5928,-22.9263],[-43.5916,-22.9252],[-43.5917,-22.9242],[-43.5922,-22.9237],[-43.5893,-22.9234],[-43.5883,-22.9228],[-43.5877,-22.9218],[-43.5849,-22.9197],[-43.5832,-22.9197],[-43.5818,-22.919],[-43.5815,-22.9165],[-43.584,-22.9162],[-43.5837,-22.9147],[-43.5817,-22.9148],[-43.5819,-22.9125],[-43.5835,-22.9124],[-43.5833,-22.9104],[-43.5803,-22.9093],[-43.5805,-22.9081],[-43.5804,-22.9062],[-43.5781,-22.9057],[-43.5776,-22.8994],[-43.5784,-22.8992],[-43.5815,-22.8991],[-43.5837,-22.8982],[-43.585,-22.8969],[-43.5859,-22.8968],[-43.5879,-22.8971],[-43.589,-22.8976],[-43.5904,-22.8959],[-43.5906,-22.8949],[-43.5901,-22.8926],[-43.5915,-22.8902],[-43.595,-22.8903],[-43.5956,-22.8897],[-43.5961,-22.8919],[-43.5969,-22.8919],[-43.5979,-22.9006],[-43.6016,-22.9014],[-43.602,-22.9047],[-43.6038,-22.9037],[-43.6046,-22.9109],[-43.6063,-22.9112],[-43.6068,-22.9138],[-43.607,-22.9223],[-43.6062,-22.9238],[-43.6066,-22.9248],[-43.6054,-22.9265],[-43.605,-22.9284],[-43.6059,-22.93],[-43.6061,-22.9318],[-43.6059,-22.9344],[-43.6038,-22.934]]]},"properties":{"codbairro":"146","nome":"Inhoaíba","rp":"Campo Grande","regiao_adm":"CAMPO GRANDE"}},
{"type":"Feature","geometry":{"type":"Polygon","coordinates":[[[-43.2848,-22.8876],[-43.2871,-22.8871],[-43.2879,-22.888],[-43.2878,-22.8917],[-43.2875,-22.8941],[-43.2867,-22.8969],[-43.2891,-22.8962],[-43.2914,-22.8999],[-43.2871,-22.9021],[-43.2858,-22.8998],[-43.2849,-22.9003],[-43.2837,-22.898],[-43.2829,-22.8991],[-43.2814,-22.9],[-43.2807,-22.8992],[-43.2821,-22.8981],[-43.2782,-22.8922],[-43.2826,-22.8919],[-43.2843,-22.8876],[-43.2848,-22.8876]]]},"properties":{"codbairro":"064","nome":"Todos os Santos","rp":"Méier","regiao_adm":"MEIER"}},
{"type":"Feature","geometry":{"type":"Polygon","coordinates":[[[-43.2491,-22.8901],[-43.2513,-22.8881],[-43.252,-22.8884],[-43.2517,-22.8901],[-43.2528,-22.8909],[-43.2542,-22.8897],[-43.2535,-22.888],[-43.2552,-22.8888],[-43.2565,-22.889],[-43.2583,-22.8906],[-43.2592,-22.8906],[-43.2602,-22.8898],[-43.2612,-22.8904],[-43.2619,-22.8921],[-43.2616,-22.8942],[-43.262,-22.8946],[-43.2634,-22.8942],[-43.264,-22.8934],[-43.2633,-22.8925],[-43.265,-22.893],[-43.2666,-22.896],[-43.2633,-22.8972],[-43.2635,-22.8988],[-43.2629,-22.8986],[-43.262,-22.8974],[-43.2608,-22.8975],[-43.2611,-22.8945],[-43.2597,-22.8936],[-43.2585,-22.8939],[-43.2568,-22.8946],[-43.2533,-22.8952],[-43.2522,-22.8961],[-43.2503,-22.8932],[-43.2513,-22.8925],[-43.2491,-22.8901]]]},"properties":{"codbairro":"051","nome":"Jacaré","rp":"Méier","regiao_adm":"MEIER"}},
{"type":"Feature","geometry":{"type":"Polygon","coordinates":[[[-43.2971,-22.8915],[-43.2981,-22.8897],[-43.301,-22.8912],[-43.3012,-22.8884],[-43.3031,-22.8894],[-43.3033,-22.89],[-43.3052,-22.8907],[-43.3066,-22.893],[-43.3051,-22.8941],[-43.3059,-22.8951],[-43.3045,-22.896],[-43.3082,-22.8961],[-43.3082,-22.8975],[-43.31,-22.903],[-43.3041,-22.9046],[-43.3034,-22.9046],[-43.3008,-22.8965],[-43.301,-22.8954],[-43.301,-22.8924],[-43.2984,-22.8924],[-43.2971,-22.8915]]]},"properties":{"codbairro":"068","nome":"Encantado","rp":"Méier","regiao_adm":"MEIER"}},
{"type":"Feature","geometry":{"type":"Polygon","coordinates":[[[-43.2448,-22.8969],[-43.2448,-22.8958],[-43.2453,-22.895],[-43.2471,-22.8901],[-43.2487,-22.8898],[-43.2491,-22.8901],[-43.2513,-22.8925],[-43.2503,-22.8932],[-43.2522,-22.8961],[-43.2526,-22.897],[-43.2539,-22.8971],[-43.2535,-22.9013],[-43.253,-22.9013],[-43.2521,-22.9056],[-43.251,-22.9094],[-43.2478,-22.9081],[-43.2464,-22.9081],[-43.2472,-22.9077],[-43.2484,-22.9062],[-43.2474,-22.9048],[-43.2458,-22.9033],[-43.2454,-22.9034],[-43.2443,-22.8999],[-43.2442,-22.8976],[-43.2448,-22.8969]]]},"properties":{"codbairro":"058","nome":"Rocha","rp":"Méier","regiao_adm":"MEIER"}},
{"type":"Feature","geometry":{"type":"Polygon","coordinates":[[[-43.2708,-22.8985],[-43.2734,-22.8957],[-43.2745,-22.8952],[-43.275,-22.8955],[-43.2771,-22.8922],[-43.2782,-22.8922],[-43.2821,-22.8981],[-43.2807,-22.8992],[-43.2814,-22.9],[-43.2829,-22.8991],[-43.2837,-22.898],[-43.2849,-22.9003],[-43.2858,-22.8998],[-43.2871,-22.9021],[-43.2914,-22.8999],[-43.2922,-22.9005],[-43.2925,-22.9016],[-43.2924,-22.9038],[-43.2931,-22.904],[-43.293,-22.9052],[-43.2934,-22.9065],[-43.2931,-22.9078],[-43.2938,-22.909],[-43.2932,-22.9102],[-43.2906,-22.9098],[-43.2897,-22.9099],[-43.2888,-22.9107],[-43.288,-22.9104],[-43.2852,-22.9087],[-43.284,-22.9076],[-43.2831,-22.909],[-43.2814,-22.9078],[-43.2809,-22.9069],[-43.2789,-22.9081],[-43.277,-22.9073],[-43.2754,-22.9061],[-43.2738,-22.9056],[-43.2728,-22.9045],[-43.2721,-22.9033],[-43.2722,-22.902],[-43.2717,-22.901],[-43.2729,-22.8991],[-43.2708,-22.8985]]]},"properties":{"codbairro":"063","nome":"Méier","rp":"Méier","regiao_adm":"MEIER"}},
{"type":"Feature","geometry":{"type":"Polygon","coordinates":[[[-43.1861,-22.8937],[-43.1909,-22.8921],[-43.196,-22.8921],[-43.1968,-22.8962],[-43.1963,-22.8973],[-43.1978,-22.898],[-43.1986,-22.9006],[-43.2001,-22.9012],[-43.1994,-22.9023],[-43.197,-22.9028],[-43.197,-22.9034],[-43.1956,-22.9037],[-43.1945,-22.9034],[-43.1877,-22.899],[-43.1875,-22.899],[-43.1873,-22.8975],[-43.1878,-22.8974],[-43.1861,-22.8937]]]},"properties":{"codbairro":"002","nome":"Gamboa","rp":"Centro","regiao_adm":"PORTUARIA"}},
{"type":"Feature","geometry":{"type":"Polygon","coordinates":[[[-43.1945,-22.9034],[-43.1956,-22.9037],[-43.197,-22.9034],[-43.197,-22.9028],[-43.1994,-22.9023],[-43.2001,-22.9012],[-43.1986,-22.9006],[-43.1978,-22.898],[-43.1963,-22.8973],[-43.1968,-22.8962],[-43.196,-22.8921],[-43.2096,-22.8976],[-43.2103,-22.8977],[-43.2103,-22.8989],[-43.2098,-22.9069],[-43.2096,-22.9095],[-43.2085,-22.9094],[-43.2053,-22.9081],[-43.2025,-22.906],[-43.2002,-22.9051],[-43.1983,-22.9047],[-43.1945,-22.9034]]]},"properties":{"codbairro":"003","nome":"Santo Cristo","rp":"Centro","regiao_adm":"PORTUARIA"}},
{"type":"Feature","geometry":{"type":"MultiPolygon","coordinates":[[[[-43.1686,-22.9144],[-43.1678,-22.9145],[-43.1627,-22.9172],[-43.1605,-22.9165],[-43.1588,-22.9143],[-43.1579,-22.9126],[-43.1611,-22.9127],[-43.1615,-22.9054],[-43.1628,-22.9043],[-43.1692,-22.9046],[-43.1713,-22.9031],[-43.1716,-22.9027],[-43.1739,-22.9014],[-43.1736,-22.9009],[-43.1752,-22.9003],[-43.1763,-22.8988],[-43.177,-22.8963],[-43.1758,-22.8961],[-43.1749,-22.8975],[-43.1713,-22.8986],[-43.1708,-22.8979],[-43.1683,-22.8975],[-43.1674,-22.8955],[-43.1747,-22.8932],[-43.1758,-22.896],[-43.177,-22.8962],[-43.1775,-22.8956],[-43.1795,-22.8956],[-43.1783,-22.8926],[-43.1791,-22.8923],[-43.1802,-22.895],[-43.1812,-22.8954],[-43.1818,-22.8969],[-43.1808,-22.8973],[-43.182,-22.9003],[-43.1841,-22.9005],[-43.1844,-22.8998],[-43.1866,-22.8994],[-43.1875,-22.899],[-43.1877,-22.899],[-43.1945,-22.9034],[-43.1983,-22.9047],[-43.1956,-22.9118],[-43.1952,-22.9117],[-43.1935,-22.9114],[-43.1894,-22.9147],[-43.1901,-22.9158],[-43.1889,-22.9166],[-43.1894,-22.9177],[-43.1888,-22.9183],[-43.1877,-22.9183],[-43.1879,-22.917],[-43.1875,-22.9151],[-43.1858,-22.915],[-43.1839,-22.9145],[-43.1844,-22.9128],[-43.1861,-22.9131],[-43.1867,-22.9115],[-43.1831,-22.9102],[-43.1824,-22.9119],[-43.1801,-22.9128],[-43.1792,-22.9124],[-43.1789,-22.9133],[-43.1777,-22.9137],[-43.1764,-22.9125],[-43.1756,-22.9139],[-43.175,-22.9132],[-43.1743,-22.9137],[-43.1732,-22.9125],[-43.1721,-22.9115],[-43.1704,-22.911],[-43.1683,-22.9107],[-43.1687,-22.9123],[-43.1686,-22.9144]]],[[[-43.1743,-22.8829],[-43.1751,-22.8827],[-43.1761,-22.8831],[-43.177,-22.8841],[-43.1756,-22.8844],[-43.1751,-22.884],[-43.1737,-22.8842],[-43.1728,-22.8832],[-43.1743,-22.8829]]]]},"properties":{"codbairro":"005","nome":"Centro","rp":"Centro","regiao_adm":"CENTRO"}},
{"type":"Feature","geometry":{"type":"Polygon","coordinates":[[[-43.2585,-22.8939],[-43.2597,-22.8936],[-43.2611,-22.8945],[-43.2608,-22.8975],[-43.262,-22.8974],[-43.2629,-22.8986],[-43.2635,-22.8988],[-43.2634,-22.9002],[-43.2651,-22.9009],[-43.2649,-22.9013],[-43.2635,-22.9013],[-43.2637,-22.9021],[-43.2633,-22.9043],[-43.2639,-22.9049],[-43.2636,-22.9072],[-43.2626,-22.9081],[-43.2596,-22.9094],[-43.2582,-22.9104],[-43.2566,-22.911],[-43.2577,-22.9073],[-43.2584,-22.8996],[-43.2566,-22.8994],[-43.2569,-22.8971],[-43.2585,-22.897],[-43.2585,-22.8939]]]},"properties":{"codbairro":"060","nome":"Sampaio","rp":"Méier","regiao_adm":"MEIER"}},
{"type":"Feature","geometry":{"type":"Polygon","coordinates":[[[-43.2522,-22.8961],[-43.2533,-22.8952],[-43.2568,-22.8946],[-43.2585,-22.8939],[-43.2585,-22.897],[-43.2569,-22.8971],[-43.2566,-22.8994],[-43.2584,-22.8996],[-43.2577,-22.9073],[-43.2566,-22.911],[-43.2544,-22.9106],[-43.251,-22.9094],[-43.2521,-22.9056],[-43.253,-22.9013],[-43.2535,-22.9013],[-43.2539,-22.8971],[-43.2526,-22.897],[-43.2522,-22.8961]]]},"properties":{"codbairro":"059","nome":"Riachuelo","rp":"Méier","regiao_adm":"MEIER"}},
{"type":"Feature","geometry":{"type":"Polygon","coordinates":[[[-43.1812,-22.8954],[-43.1861,-22.8937],[-43.1878,-22.8974],[-43.1873,-22.8975],[-43.1875,-22.899],[-43.1866,-22.8994],[-43.1844,-22.8998],[-43.1841,-22.9005],[-43.182,-22.9003],[-43.1808,-22.8973],[-43.1818,-22.8969],[-43.1812,-22.8954]]]},"properties":{"codbairro":"001","nome":"Saúde","rp":"Centro","regiao_adm":"PORTUARIA"}},
{"type":"Feature","geometry":{"type":"Polygon","coordinates":[[[-43.2413,-22.8998],[-43.242,-22.898],[-43.2434,-22.897],[-43.2439,-22.8976],[-43.2448,-22.8969],[-43.2442,-22.8976],[-43.2443,-22.8999],[-43.2454,-22.9034],[-43.2458,-22.9033],[-43.2474,-22.9048],[-43.2484,-22.9062],[-43.2472,-22.9077],[-43.2464,-22.9081],[-43.2449,-22.9088],[-43.2418,-22.9076],[-43.2408,-22.9076],[-43.2388,-22.9089],[-43.2382,-22.9085],[-43.2373,-22.9078],[-43.2401,-22.9056],[-43.2412,-22.9044],[-43.2414,-22.9032],[-43.2413,-22.8998]]]},"properties":{"codbairro":"057","nome":"São Francisco Xavier","rp":"Méier","regiao_adm":"MEIER"}},
{"type":"Feature","geometry":{"type":"Polygon","coordinates":[[[-43.2635,-22.8988],[-43.2633,-22.8972],[-43.2666,-22.896],[-43.2676,-22.8974],[-43.2702,-22.8994],[-43.2708,-22.8985],[-43.2729,-22.8991],[-43.2717,-22.901],[-43.2722,-22.902],[-43.2721,-22.9033],[-43.2728,-22.9045],[-43.2715,-22.904],[-43.2705,-22.9058],[-43.2724,-22.9079],[-43.2733,-22.9079],[-43.2761,-22.9092],[-43.2758,-22.9096],[-43.2751,-22.9133],[-43.2774,-22.9141],[-43.2772,-22.9148],[-43.277,-22.9204],[-43.2756,-22.9196],[-43.2735,-22.9193],[-43.2711,-22.9177],[-43.2694,-22.917],[-43.2681,-22.9171],[-43.2657,-22.9163],[-43.2645,-22.9153],[-43.2631,-22.9168],[-43.2625,-22.9162],[-43.2632,-22.9152],[-43.259,-22.9114],[-43.2582,-22.9104],[-43.2596,-22.9094],[-43.2626,-22.9081],[-43.2636,-22.9072],[-43.2639,-22.9049],[-43.2633,-22.9043],[-43.2637,-22.9021],[-43.2635,-22.9013],[-43.2649,-22.9013],[-43.2651,-22.9009],[-43.2634,-22.9002],[-43.2635,-22.8988]]]},"properties":{"codbairro":"061","nome":"Engenho Novo","rp":"Méier","regiao_adm":"MEIER"}},
{"type":"Feature","geometry":{"type":"Polygon","coordinates":[[[-43.2355,-22.9006],[-43.2367,-22.9],[-43.2393,-22.8998],[-43.2396,-22.8991],[-43.2413,-22.8998],[-43.2414,-22.9032],[-43.2412,-22.9044],[-43.2401,-22.9056],[-43.2373,-22.9078],[-43.2382,-22.9085],[-43.2364,-22.9092],[-43.236,-22.9084],[-43.2345,-22.9089],[-43.233,-22.909],[-43.2315,-22.9086],[-43.2321,-22.907],[-43.2324,-22.9035],[-43.2324,-22.9007],[-43.235,-22.9001],[-43.2355,-22.9006]]]},"properties":{"codbairro":"011","nome":"Mangueira","rp":"Centro","regiao_adm":"SAO CRISTOVAO"}},
{"type":"Feature","geometry":{"type":"Polygon","coordinates":[[[-43.3668,-22.9027],[-43.3695,-22.9028],[-43.3725,-22.9007],[-43.3739,-22.9006],[-43.3747,-22.9012],[-43.3741,-22.9035],[-43.3785,-22.9061],[-43.3796,-22.907],[-43.3786,-22.9083],[-43.3784,-22.9106],[-43.3775,-22.9121],[-43.3764,-22.9128],[-43.3759,-22.9139],[-43.3753,-22.9142],[-43.3734,-22.9142],[-43.3721,-22.915],[-43.3711,-22.9177],[-43.3689,-22.9185],[-43.3646,-22.9182],[-43.3638,-22.9177],[-43.3631,-22.9188],[-43.3642,-22.9195],[-43.3652,-22.9214],[-43.3648,-22.9244],[-43.3642,-22.9259],[-43.3591,-22.9275],[-43.3581,-22.9252],[-43.3593,-22.9247],[-43.3578,-22.923],[-43.3534,-22.9209],[-43.3523,-22.9214],[-43.3471,-22.9194],[-43.3435,-22.922],[-43.343,-22.9211],[-43.3437,-22.9192],[-43.3444,-22.9181],[-43.3438,-22.9175],[-43.3431,-22.9156],[-43.3426,-22.9151],[-43.3406,-22.9147],[-43.3382,-22.9136],[-43.3358,-22.9122],[-43.3354,-22.9102],[-43.335,-22.91],[-43.3348,-22.9086],[-43.3338,-22.9073],[-43.333,-22.9058],[-43.3356,-22.9043],[-43.3391,-22.9067],[-43.3413,-22.9076],[-43.3437,-22.9075],[-43.3469,-22.9095],[-43.3481,-22.9096],[-43.3501,-22.9106],[-43.3533,-22.9108],[-43.3542,-22.911],[-43.3564,-22.9127],[-43.3582,-22.9129],[-43.3619,-22.9123],[-43.3652,-22.9079],[-43.3666,-22.9067],[-43.367,-22.9047],[-43.3664,-22.9032],[-43.3668,-22.9027]]]},"properties":{"codbairro":"123","nome":"Tanque","rp":"Jacarepaguá","regiao_adm":"JACAREPAGUA"}},
{"type":"Feature","geometry":{"type":"Polygon","coordinates":[[[-43.3591,-22.9275],[-43.3642,-22.9259],[-43.3648,-22.9244],[-43.3652,-22.9214],[-43.3642,-22.9195],[-43.3631,-22.9188],[-43.3638,-22.9177],[-43.3646,-22.9182],[-43.3689,-22.9185],[-43.3711,-22.9177],[-43.3721,-22.915],[-43.3734,-22.9142],[-43.3753,-22.9142],[-43.3759,-22.9139],[-43.3764,-22.9128],[-43.3775,-22.9121],[-43.3784,-22.9106],[-43.3786,-22.9083],[-43.3796,-22.907],[-43.3801,-22.9069],[-43.3819,-22.9055],[-43.3833,-22.9052],[-43.3855,-22.9036],[-43.3866,-22.9026],[-43.3892,-22.9033],[-43.3905,-22.9033],[-43.3933,-22.904],[-43.3966,-22.9044],[-43.4155,-22.9064],[-43.4198,-22.9094],[-43.416,-22.9114],[-43.4156,-22.912],[-43.4157,-22.9137],[-43.4145,-22.9153],[-43.415,-22.9169],[-43.4129,-22.9173],[-43.4097,-22.9189],[-43.4068,-22.9191],[-43.4048,-22.9183],[-43.4013,-22.9173],[-43.3987,-22.9175],[-43.396,-22.918],[-43.3952,-22.9188],[-43.392,-22.9197],[-43.3908,-22.9241],[-43.3907,-22.9252],[-43.3922,-22.9281],[-43.3928,-22.9289],[-43.3876,-22.932],[-43.3842,-22.9327],[-43.3827,-22.935],[-43.3826,-22.936],[-43.3833,-22.9385],[-43.3844,-22.9394],[-43.3843,-22.9419],[-43.3842,-22.9416],[-43.3807,-22.9375],[-43.3783,-22.9399],[-43.3784,-22.9435],[-43.3763,-22.946],[-43.3753,-22.9475],[-43.3742,-22.9476],[-43.3733,-22.947],[-43.372,-22.9477],[-43.3713,-22.9465],[-43.3709,-22.9448],[-43.3714,-22.9421],[-43.3703,-22.9417],[-43.3685,-22.9419],[-43.3695,-22.943],[-43.3693,-22.9435],[-43.3677,-22.9439],[-43.3674,-22.9444],[-43.3657,-22.9438],[-43.3643,-22.945],[-43.3629,-22.9442],[-43.362,-22.9414],[-43.3614,-22.9415],[-43.3609,-22.9398],[-43.3605,-22.9375],[-43.3617,-22.9377],[-43.3623,-22.9374],[-43.363,-22.9362],[-43.3637,-22.9357],[-43.3637,-22.9343],[-43.3631,-22.9326],[-43.362,-22.9311],[-43.3605,-22.9283],[-43.3591,-22.9275]]]},"properties":{"codbairro":"122","nome":"Taquara","rp":"Jacarepaguá","regiao_adm":"JACAREPAGUA"}},
{"type":"Feature","geometry":{"type":"Polygon","coordinates":[[[-43.3034,-22.9046],[-43.3041,-22.9046],[-43.31,-22.903],[-43.3109,-22.9056],[-43.3152,-22.9044],[-43.3163,-22.9078],[-43.3194,-22.9087],[-43.3224,-22.91],[-43.3231,-22.9107],[-43.3226,-22.913],[-43.3208,-22.9141],[-43.3208,-22.9166],[-43.3206,-22.9171],[-43.3183,-22.9177],[-43.3166,-22.9179],[-43.315,-22.9168],[-43.3135,-22.9165],[-43.3116,-22.9169],[-43.3108,-22.9165],[-43.3088,-22.917],[-43.306,-22.9183],[-43.3041,-22.9153],[-43.3029,-22.9139],[-43.3025,-22.913],[-43.3025,-22.9104],[-43.3031,-22.9099],[-43.303,-22.9067],[-43.3034,-22.9046]]]},"properties":{"codbairro":"067","nome":"Água Santa","rp":"Méier","regiao_adm":"MEIER"}},
{"type":"Feature","geometry":{"type":"Polygon","coordinates":[[[-43.277,-22.9204],[-43.2772,-22.9148],[-43.2774,-22.9141],[-43.2751,-22.9133],[-43.2758,-22.9096],[-43.2761,-22.9092],[-43.2733,-22.9079],[-43.2724,-22.9079],[-43.2705,-22.9058],[-43.2715,-22.904],[-43.2728,-22.9045],[-43.2738,-22.9056],[-43.2754,-22.9061],[-43.277,-22.9073],[-43.2789,-22.9081],[-43.2809,-22.9069],[-43.2814,-22.9078],[-43.2831,-22.909],[-43.284,-22.9076],[-43.2852,-22.9087],[-43.288,-22.9104],[-43.2888,-22.9107],[-43.2897,-22.9099],[-43.2906,-22.9098],[-43.2932,-22.9102],[-43.2949,-22.9114],[-43.2941,-22.9135],[-43.2943,-22.9142],[-43.296,-22.915],[-43.2951,-22.9165],[-43.2976,-22.9211],[-43.2948,-22.9214],[-43.2928,-22.9213],[-43.2912,-22.9219],[-43.2888,-22.9211],[-43.2881,-22.9204],[-43.2844,-22.9186],[-43.2829,-22.9191],[-43.2824,-22.9206],[-43.2788,-22.9213],[-43.277,-22.9204]]]},"properties":{"codbairro":"062","nome":"Lins de Vasconcelos","rp":"Méier","regiao_adm":"MEIER"}},
{"type":"Feature","geometry":{"type":"Polygon","coordinates":[[[-43.3231,-22.9107],[-43.3242,-22.9108],[-43.3259,-22.9113],[-43.3288,-22.9128],[-43.3289,-22.9114],[-43.3297,-22.909],[-43.3314,-22.9065],[-43.333,-22.9058],[-43.3338,-22.9073],[-43.3348,-22.9086],[-43.335,-22.91],[-43.3354,-22.9102],[-43.3358,-22.9122],[-43.3382,-22.9136],[-43.3406,-22.9147],[-43.3426,-22.9151],[-43.3431,-22.9156],[-43.3438,-22.9175],[-43.3444,-22.9181],[-43.3437,-22.9192],[-43.343,-22.9211],[-43.3435,-22.922],[-43.3433,-22.9235],[-43.3441,-22.9255],[-43.343,-22.9264],[-43.3427,-22.9274],[-43.3441,-22.9279],[-43.3473,-22.9298],[-43.348,-22.9305],[-43.349,-22.9322],[-43.3491,-22.933],[-43.3504,-22.9337],[-43.3515,-22.9351],[-43.3517,-22.9362],[-43.3532,-22.938],[-43.3548,-22.9389],[-43.3561,-22.939],[-43.3566,-22.9403],[-43.3581,-22.9404],[-43.3601,-22.9416],[-43.3609,-22.9417],[-43.3613,-22.9437],[-43.3592,-22.9439],[-43.3585,-22.9459],[-43.36,-22.947],[-43.36,-22.948],[-43.3592,-22.9481],[-43.3576,-22.9489],[-43.3568,-22.9502],[-43.3557,-22.9494],[-43.3534,-22.9499],[-43.353,-22.9527],[-43.352,-22.9527],[-43.3512,-22.9535],[-43.3494,-22.9545],[-43.3484,-22.9538],[-43.3449,-22.9529],[-43.3437,-22.9528],[-43.3434,-22.952],[-43.3416,-22.9504],[-43.3415,-22.9496],[-43.3398,-22.9473],[-43.3392,-22.9478],[-43.3374,-22.9467],[-43.3354,-22.9443],[-43.3316,-22.9431],[-43.3253,-22.9402],[-43.3256,-22.9379],[-43.3254,-22.9364],[-43.3278,-22.9347],[-43.3284,-22.9341],[-43.3242,-22.9306],[-43.3227,-22.9306],[-43.322,-22.9299],[-43.3257,-22.9276],[-43.3258,-22.9262],[-43.3267,-22.923],[-43.3263,-22.9221],[-43.3236,-22.9194],[-43.3229,-22.9192],[-43.3206,-22.9171],[-43.3208,-22.9166],[-43.3208,-22.9141],[-43.3226,-22.913],[-43.3231,-22.9107]]]},"properties":{"codbairro":"120","nome":"Freguesia (Jacarepaguá)","rp":"Jacarepaguá","regiao_adm":"JACAREPAGUA"}},
{"type":"Feature","geometry":{"type":"Polygon","coordinates":[[[-43.1952,-22.9117],[-43.1956,-22.9118],[-43.1983,-22.9047],[-43.2002,-22.9051],[-43.2025,-22.906],[-43.2053,-22.9081],[-43.2085,-22.9094],[-43.2096,-22.9095],[-43.2082,-22.9101],[-43.2081,-22.9109],[-43.2094,-22.9116],[-43.2099,-22.9126],[-43.2081,-22.9135],[-43.2028,-22.9118],[-43.203,-22.913],[-43.1997,-22.9142],[-43.1983,-22.9144],[-43.1972,-22.9142],[-43.1955,-22.9137],[-43.1957,-22.913],[-43.1952,-22.9117]]]},"properties":{"codbairro":"008","nome":"Cidade Nova","rp":"Centro","regiao_adm":"RIO COMPRIDO"}},
{"type":"Feature","geometry":{"type":"Polygon","coordinates":[[[-43.2096,-22.9095],[-43.2098,-22.9069],[-43.2178,-22.9076],[-43.2199,-22.9097],[-43.2186,-22.9102],[-43.2171,-22.9104],[-43.2155,-22.9102],[-43.2183,-22.9119],[-43.2169,-22.9131],[-43.2162,-22.914],[-43.2146,-22.9147],[-43.213,-22.9139],[-43.2124,-22.9164],[-43.2101,-22.9158],[-43.2099,-22.9126],[-43.2094,-22.9116],[-43.2081,-22.9109],[-43.2082,-22.9101],[-43.2096,-22.9095]]]},"properties":{"codbairro":"032","nome":"Praça da Bandeira","rp":"Tijuca","regiao_adm":"TIJUCA"}},
{"type":"Feature","geometry":{"type":"Polygon","coordinates":[[[-43.2388,-22.9089],[-43.2408,-22.9076],[-43.2418,-22.9076],[-43.2449,-22.9088],[-43.2464,-22.9081],[-43.2478,-22.9081],[-43.251,-22.9094],[-43.2544,-22.9106],[-43.2566,-22.911],[-43.2582,-22.9104],[-43.259,-22.9114],[-43.2632,-22.9152],[-43.2625,-22.9162],[-43.2631,-22.9168],[-43.2622,-22.9172],[-43.2618,-22.9192],[-43.2596,-22.9203],[-43.2538,-22.9192],[-43.2491,-22.9184],[-43.2489,-22.9194],[-43.2479,-22.9194],[-43.2465,-22.9217],[-43.2436,-22.9204],[-43.2408,-22.9243],[-43.2372,-22.9243],[-43.2363,-22.9236],[-43.2361,-22.9215],[-43.2349,-22.9194],[-43.2361,-22.9185],[-43.2372,-22.917],[-43.2358,-22.9159],[-43.2352,-22.9158],[-43.2357,-22.9138],[-43.2372,-22.9139],[-43.2396,-22.9118],[-43.2381,-22.9109],[-43.2388,-22.9089]]]},"properties":{"codbairro":"036","nome":"Vila Isabel","rp":"Tijuca","regiao_adm":"VILA ISABEL"}},
{"type":"Feature","geometry":{"type":"Polygon","coordinates":[[[-43.2345,-22.9089],[-43.236,-22.9084],[-43.2364,-22.9092],[-43.2382,-22.9085],[-43.2388,-22.9089],[-43.2381,-22.9109],[-43.2396,-22.9118],[-43.2372,-22.9139],[-43.2357,-22.9138],[-43.2352,-22.9158],[-43.2358,-22.9159],[-43.2372,-22.917],[-43.2361,-22.9185],[-43.2349,-22.9194],[-43.2331,-22.9194],[-43.2305,-22.9173],[-43.2295,-22.9162],[-43.2267,-22.9163],[-43.2253,-22.9168],[-43.2243,-22.918],[-43.2206,-22.9152],[-43.2169,-22.9131],[-43.2183,-22.9119],[-43.2155,-22.9102],[-43.2171,-22.9104],[-43.2186,-22.9102],[-43.2199,-22.9097],[-43.2225,-22.9098],[-43.2237,-22.9101],[-43.2244,-22.9097],[-43.2263,-22.91],[-43.2345,-22.9089]]]},"properties":{"codbairro":"035","nome":"Maracanã","rp":"Tijuca","regiao_adm":"VILA ISABEL"}},
{"type":"Feature","geometry":{"type":"Polygon","coordinates":[[[-43.1686,-22.9144],[-43.1687,-22.9123],[-43.1683,-22.9107],[-43.1704,-22.911],[-43.1721,-22.9115],[-43.1732,-22.9125],[-43.1743,-22.9137],[-43.175,-22.9132],[-43.1756,-22.9139],[-43.1764,-22.9141],[-43.1768,-22.9166],[-43.1774,-22.9167],[-43.1772,-22.9179],[-43.1772,-22.9192],[-43.1801,-22.9198],[-43.1806,-22.9204],[-43.1803,-22.9224],[-43.1779,-22.9219],[-43.1768,-22.9221],[-43.177,-22.923],[-43.1765,-22.9256],[-43.173,-22.9253],[-43.1727,-22.9245],[-43.1689,-22.9247],[-43.1676,-22.9225],[-43.1681,-22.9221],[-43.1678,-22.9205],[-43.168,-22.9189],[-43.1692,-22.917],[-43.1692,-22.9188],[-43.1704,-22.9199],[-43.1714,-22.9199],[-43.1723,-22.9193],[-43.1728,-22.9181],[-43.1726,-22.9162],[-43.1719,-22.9152],[-43.1704,-22.9143],[-43.1686,-22.9144]]]},"properties":{"codbairro":"016","nome":"Glória","rp":"Zona Sul","regiao_adm":"BOTAFOGO"}},
{"type":"Feature","geometry":{"type":"Polygon","coordinates":[[[-43.2101,-22.9158],[-43.2124,-22.9164],[-43.2119,-22.9179],[-43.2118,-22.9199],[-43.2149,-22.9219],[-43.2157,-22.9228],[-43.2148,-22.9233],[-43.2156,-22.9247],[-43.218,-22.9261],[-43.2181,-22.9269],[-43.2191,-22.9297],[-43.2204,-22.9321],[-43.219,-22.9335],[-43.2143,-22.9334],[-43.2148,-22.9339],[-43.216,-22.9342],[-43.2169,-22.9371],[-43.216,-22.9386],[-43.2146,-22.9388],[-43.2127,-22.9381],[-43.2102,-22.9376],[-43.2087,-22.9384],[-43.2073,-22.938],[-43.207,-22.9383],[-43.2048,-22.9367],[-43.2049,-22.9311],[-43.2042,-22.931],[-43.2029,-22.93],[-43.2015,-22.9313],[-43.2011,-22.9333],[-43.2001,-22.9335],[-43.1979,-22.9315],[-43.1964,-22.931],[-43.1972,-22.9288],[-43.1963,-22.9274],[-43.1981,-22.927],[-43.1979,-22.9258],[-43.199,-22.9252],[-43.1997,-22.924],[-43.2005,-22.9221],[-43.2015,-22.9212],[-43.2024,-22.9211],[-43.2027,-22.9204],[-43.2089,-22.9225],[-43.2086,-22.9197],[-43.2101,-22.9158]]]},"properties":{"codbairro":"007","nome":"Rio Comprido","rp":"Centro","regiao_adm":"RIO COMPRIDO"}},
{"type":"Feature","geometry":{"type":"Polygon","coordinates":[[[-43.1839,-22.9145],[-43.1858,-22.915],[-43.1875,-22.9151],[-43.1879,-22.917],[-43.1877,-22.9183],[-43.1888,-22.9183],[-43.1894,-22.9177],[-43.1889,-22.9166],[-43.1901,-22.9158],[-43.1894,-22.9147],[-43.1935,-22.9114],[-43.1952,-22.9117],[-43.1957,-22.913],[-43.1955,-22.9137],[-43.1949,-22.9136],[-43.1938,-22.9156],[-43.1942,-22.9187],[-43.1935,-22.9202],[-43.1968,-22.921],[-43.1974,-22.9226],[-43.1967,-22.9234],[-43.1979,-22.9258],[-43.1981,-22.927],[-43.1963,-22.9274],[-43.1972,-22.9288],[-43.1964,-22.931],[-43.1979,-22.9315],[-43.2001,-22.9335],[-43.2011,-22.9333],[-43.2015,-22.9313],[-43.2029,-22.93],[-43.2042,-22.931],[-43.2049,-22.9311],[-43.2048,-22.9367],[-43.207,-22.9383],[-43.2073,-22.938],[-43.2087,-22.9384],[-43.2102,-22.9376],[-43.2127,-22.9381],[-43.2146,-22.9388],[-43.216,-22.9386],[-43.2169,-22.9371],[-43.216,-22.9342],[-43.2148,-22.9339],[-43.2143,-22.9334],[-43.2165,-22.9338],[-43.2184,-22.9344],[-43.2186,-22.9372],[-43.2191,-22.9404],[-43.219,-22.9429],[-43.2179,-22.9467],[-43.2172,-22.9482],[-43.216,-22.9487],[-43.2153,-22.9498],[-43.2142,-22.9506],[-43.2144,-22.9515],[-43.2135,-22.9522],[-43.2112,-22.9522],[-43.2101,-22.952],[-43.2092,-22.9512],[-43.2078,-22.9506],[-43.2052,-22.9502],[-43.2029,-22.9494],[-43.2017,-22.9486],[-43.2011,-22.948],[-43.1981,-22.947],[-43.1964,-22.945],[-43.1996,-22.9433],[-43.2005,-22.9439],[-43.202,-22.9462],[-43.204,-22.9466],[-43.2052,-22.9456],[-43.2053,-22.9446],[-43.2077,-22.9458],[-43.2083,-22.9456],[-43.208,-22.9442],[-43.2087,-22.9437],[-43.2081,-22.943],[-43.2069,-22.9433],[-43.2063,-22.9422],[-43.206,-22.9407],[-43.2047,-22.9396],[-43.203,-22.9396],[-43.202,-22.9389],[-43.1996,-22.9398],[-43.1982,-22.9391],[-43.1991,-22.9382],[-43.1984,-22.9377],[-43.199,-22.9366],[-43.1981,-22.936],[-43.1969,-22.9366],[-43.1959,-22.9362],[-43.1959,-22.9351],[-43.199,-22.9344],[-43.1953,-22.9324],[-43.1932,-22.9285],[-43.1913,-22.9275],[-43.1882,-22.9266],[-43.1861,-22.9264],[-43.1842,-22.9247],[-43.1823,-22.9241],[-43.1834,-22.9232],[-43.1803,-22.9224],[-43.1806,-22.9204],[-43.1801,-22.9198],[-43.1772,-22.9192],[-43.1772,-22.9179],[-43.1777,-22.9178],[-43.1782,-22.9161],[-43.1787,-22.916],[-43.1802,-22.9135],[-43.1831,-22.9144],[-43.1839,-22.9145]]]},"properties":{"codbairro":"014","nome":"Santa Teresa","rp":"Centro","regiao_adm":"SANTA TEREZA"}},
{"type":"Feature","geometry":{"type":"Polygon","coordinates":[[[-43.1972,-22.9142],[-43.1983,-22.9144],[-43.1997,-22.9142],[-43.203,-22.913],[-43.2028,-22.9118],[-43.2081,-22.9135],[-43.2099,-22.9126],[-43.2101,-22.9158],[-43.2086,-22.9197],[-43.2089,-22.9225],[-43.2027,-22.9204],[-43.2024,-22.9211],[-43.2015,-22.9212],[-43.199,-22.9169],[-43.1965,-22.9162],[-43.1972,-22.9142]]]},"properties":{"codbairro":"009","nome":"Estácio","rp":"Centro","regiao_adm":"RIO COMPRIDO"}},
{"type":"Feature","geometry":{"type":"Polygon","coordinates":[[[-43.2124,-22.9164],[-43.213,-22.9139],[-43.2146,-22.9147],[-43.2162,-22.914],[-43.2169,-22.9131],[-43.2206,-22.9152],[-43.2243,-22.918],[-43.2253,-22.9168],[-43.2267,-22.9163],[-43.2295,-22.9162],[-43.2305,-22.9173],[-43.2331,-22.9194],[-43.2349,-22.9194],[-43.2361,-22.9215],[-43.2363,-22.9236],[-43.2372,-22.9243],[-43.2408,-22.9243],[-43.2425,-22.9244],[-43.2453,-22.926],[-43.2439,-22.9278],[-43.2438,-22.9286],[-43.2461,-22.9298],[-43.248,-22.9297],[-43.2498,-22.9302],[-43.2512,-22.9316],[-43.252,-22.9317],[-43.2555,-22.9358],[-43.2562,-22.9361],[-43.2579,-22.9376],[-43.2588,-22.9392],[-43.2608,-22.9388],[-43.2629,-22.9394],[-43.266,-22.939],[-43.2695,-22.9398],[-43.2707,-22.941],[-43.2724,-22.9436],[-43.2738,-22.9444],[-43.2724,-22.9451],[-43.2697,-22.9454],[-43.2686,-22.9448],[-43.2638,-22.9456],[-43.2625,-22.946],[-43.2598,-22.9458],[-43.2584,-22.9452],[-43.2578,-22.9464],[-43.2531,-22.9503],[-43.2519,-22.9499],[-43.2512,-22.9504],[-43.2487,-22.9508],[-43.2464,-22.9504],[-43.2474,-22.9486],[-43.2474,-22.9478],[-43.2462,-22.9462],[-43.245,-22.9463],[-43.2444,-22.9449],[-43.2408,-22.9459],[-43.2398,-22.9441],[-43.2397,-22.9425],[-43.239,-22.9415],[-43.2373,-22.941],[-43.2369,-22.9427],[-43.2362,-22.9434],[-43.2356,-22.9452],[-43.2339,-22.9454],[-43.2334,-22.9449],[-43.2316,-22.9447],[-43.2313,-22.9426],[-43.2307,-22.942],[-43.2306,-22.9398],[-43.2294,-22.9397],[-43.2287,-22.9387],[-43.2288,-22.9378],[-43.2273,-22.9366],[-43.2269,-22.9352],[-43.2253,-22.9348],[-43.2237,-22.9335],[-43.2229,-22.9313],[-43.2222,-22.9309],[-43.2204,-22.9321],[-43.2191,-22.9297],[-43.2181,-22.9269],[-43.218,-22.9261],[-43.2156,-22.9247],[-43.2148,-22.9233],[-43.2157,-22.9228],[-43.2149,-22.9219],[-43.2118,-22.9199],[-43.2119,-22.9179],[-43.2124,-22.9164]]]},"properties":{"codbairro":"033","nome":"Tijuca","rp":"Tijuca","regiao_adm":"TIJUCA"}},
{"type":"Feature","geometry":{"type":"Polygon","coordinates":[[[-43.1979,-22.9258],[-43.1967,-22.9234],[-43.1974,-22.9226],[-43.1968,-22.921],[-43.1935,-22.9202],[-43.1942,-22.9187],[-43.1938,-22.9156],[-43.1949,-22.9136],[-43.1955,-22.9137],[-43.1972,-22.9142],[-43.1965,-22.9162],[-43.199,-22.9169],[-43.2015,-22.9212],[-43.2005,-22.9221],[-43.1997,-22.924],[-43.199,-22.9252],[-43.1979,-22.9258]]]},"properties":{"codbairro":"006","nome":"Catumbi","rp":"Centro","regiao_adm":"RIO COMPRIDO"}},
{"type":"Feature","geometry":{"type":"Polygon","coordinates":[[[-43.2631,-22.9168],[-43.2645,-22.9153],[-43.2657,-22.9163],[-43.2681,-22.9171],[-43.2694,-22.917],[-43.2711,-22.9177],[-43.2735,-22.9193],[-43.2756,-22.9196],[-43.277,-22.9204],[-43.2788,-22.9213],[-43.2792,-22.9221],[-43.2794,-22.9243],[-43.2784,-22.9266],[-43.2786,-22.928],[-43.2797,-22.93],[-43.2806,-22.9322],[-43.286,-22.9352],[-43.2866,-22.9362],[-43.2855,-22.938],[-43.2852,-22.9417],[-43.2855,-22.9431],[-43.2862,-22.9438],[-43.2853,-22.9434],[-43.2835,-22.9414],[-43.2795,-22.9398],[-43.279,-22.94],[-43.2757,-22.9436],[-43.2745,-22.9445],[-43.2738,-22.9444],[-43.2724,-22.9436],[-43.2707,-22.941],[-43.2695,-22.9398],[-43.267,-22.9366],[-43.2653,-22.9356],[-43.264,-22.9354],[-43.2636,-22.9349],[-43.262,-22.934],[-43.2612,-22.9328],[-43.2603,-22.9322],[-43.259,-22.9306],[-43.2581,-22.93],[-43.2574,-22.9302],[-43.2532,-22.9246],[-43.2558,-22.9237],[-43.2537,-22.921],[-43.2538,-22.9192],[-43.2596,-22.9203],[-43.2618,-22.9192],[-43.2622,-22.9172],[-43.2631,-22.9168]]]},"properties":{"codbairro":"038","nome":"Grajaú","rp":"Tijuca","regiao_adm":"VILA ISABEL"}},
{"type":"Feature","geometry":{"type":"Polygon","coordinates":[[[-43.3435,-22.922],[-43.3471,-22.9194],[-43.3523,-22.9214],[-43.3534,-22.9209],[-43.3578,-22.923],[-43.3593,-22.9247],[-43.3581,-22.9252],[-43.3591,-22.9275],[-43.3605,-22.9283],[-43.362,-22.9311],[-43.3631,-22.9326],[-43.3637,-22.9343],[-43.3637,-22.9357],[-43.363,-22.9362],[-43.3623,-22.9374],[-43.3617,-22.9377],[-43.3605,-22.9375],[-43.3609,-22.9398],[-43.3614,-22.9415],[-43.3609,-22.9417],[-43.3601,-22.9416],[-43.3581,-22.9404],[-43.3566,-22.9403],[-43.3561,-22.939],[-43.3548,-22.9389],[-43.3532,-22.938],[-43.3517,-22.9362],[-43.3515,-22.9351],[-43.3504,-22.9337],[-43.3491,-22.933],[-43.349,-22.9322],[-43.348,-22.9305],[-43.3473,-22.9298],[-43.3441,-22.9279],[-43.3427,-22.9274],[-43.343,-22.9264],[-43.3441,-22.9255],[-43.3433,-22.9235],[-43.3435,-22.922]]]},"properties":{"codbairro":"121","nome":"Pechincha","rp":"Jacarepaguá","regiao_adm":"JACAREPAGUA"}},
{"type":"Feature","geometry":{"type":"Polygon","coordinates":[[[-43.2408,-22.9243],[-43.2436,-22.9204],[-43.2465,-22.9217],[-43.2479,-22.9194],[-43.2489,-22.9194],[-43.2491,-22.9184],[-43.2538,-22.9192],[-43.2537,-22.921],[-43.2558,-22.9237],[-43.2532,-22.9246],[-43.2574,-22.9302],[-43.2581,-22.93],[-43.259,-22.9306],[-43.2603,-22.9322],[-43.2612,-22.9328],[-43.262,-22.934],[-43.2636,-22.9349],[-43.264,-22.9354],[-43.2653,-22.9356],[-43.267,-22.9366],[-43.2695,-22.9398],[-43.266,-22.939],[-43.2629,-22.9394],[-43.2608,-22.9388],[-43.2588,-22.9392],[-43.2579,-22.9376],[-43.2562,-22.9361],[-43.2555,-22.9358],[-43.252,-22.9317],[-43.2512,-22.9316],[-43.2498,-22.9302],[-43.248,-22.9297],[-43.2461,-22.9298],[-43.2438,-22.9286],[-43.2439,-22.9278],[-43.2453,-22.926],[-43.2425,-22.9244],[-43.2408,-22.9243]]]},"properties":{"codbairro":"037","nome":"Andaraí","rp":"Tijuca","regiao_adm":"VILA ISABEL"}},
{"type":"Feature","geometry":{"type":"Polygon","coordinates":[[[-43.1765,-22.9256],[-43.177,-22.923],[-43.1768,-22.9221],[-43.1779,-22.9219],[-43.1803,-22.9224],[-43.1834,-22.9232],[-43.1823,-22.9241],[-43.1842,-22.9247],[-43.1861,-22.9264],[-43.1834,-22.9286],[-43.1815,-22.9295],[-43.1808,-22.9311],[-43.1797,-22.9307],[-43.179,-22.9328],[-43.1774,-22.9325],[-43.1775,-22.93],[-43.1765,-22.9269],[-43.1765,-22.9256]]]},"properties":{"codbairro":"018","nome":"Catete","rp":"Zona Sul","regiao_adm":"BOTAFOGO"}},
{"type":"Feature","geometry":{"type":"Polygon","coordinates":[[[-43.1689,-22.9247],[-43.1727,-22.9245],[-43.173,-22.9253],[-43.1765,-22.9256],[-43.1765,-22.9269],[-43.1775,-22.93],[-43.1774,-22.9325],[-43.179,-22.9328],[-43.1784,-22.9351],[-43.1797,-22.9357],[-43.1801,-22.9378],[-43.1814,-22.9389],[-43.1804,-22.9396],[-43.1783,-22.9401],[-43.1765,-22.9411],[-43.1768,-22.9437],[-43.1755,-22.9442],[-43.1741,-22.9442],[-43.171,-22.9418],[-43.1687,-22.9388],[-43.1685,-22.9371],[-43.1695,-22.9357],[-43.1711,-22.9351],[-43.1713,-22.9324],[-43.1711,-22.9308],[-43.1703,-22.9275],[-43.1689,-22.9247]]]},"properties":{"codbairro":"015","nome":"Flamengo","rp":"Zona Sul","regiao_adm":"BOTAFOGO"}},
{"type":"Feature","geometry":{"type":"Polygon","coordinates":[[[-43.179,-22.9328],[-43.1797,-22.9307],[-43.1808,-22.9311],[-43.1815,-22.9295],[-43.1834,-22.9286],[-43.1861,-22.9264],[-43.1882,-22.9266],[-43.1913,-22.9275],[-43.1932,-22.9285],[-43.1953,-22.9324],[-43.199,-22.9344],[-43.1959,-22.9351],[-43.1959,-22.9362],[-43.1969,-22.9366],[-43.1981,-22.936],[-43.199,-22.9366],[-43.197,-22.937],[-43.1946,-22.9365],[-43.1946,-22.9391],[-43.1964,-22.945],[-43.1952,-22.9457],[-43.1934,-22.9463],[-43.1915,-22.9459],[-43.1891,-22.9443],[-43.1899,-22.9427],[-43.1898,-22.9414],[-43.189,-22.9399],[-43.1882,-22.9391],[-43.1872,-22.9406],[-43.1852,-22.9406],[-43.1834,-22.9396],[-43.1814,-22.9389],[-43.1801,-22.9378],[-43.1797,-22.9357],[-43.1784,-22.9351],[-43.179,-22.9328]]]},"properties":{"codbairro":"017","nome":"Laranjeiras","rp":"Zona Sul","regiao_adm":"BOTAFOGO"}},
{"type":"Feature","geometry":{"type":"Polygon","coordinates":[[[-43.5175,-22.9527],[-43.5314,-22.9459],[-43.5356,-22.9436],[-43.5386,-22.9423],[-43.542,-22.9439],[-43.5456,-22.9464],[-43.5471,-22.9473],[-43.55,-22.9487],[-43.5551,-22.9501],[-43.5557,-22.9498],[-43.5585,-22.9496],[-43.561,-22.9501],[-43.5618,-22.9496],[-43.5613,-22.9471],[-43.5616,-22.9438],[-43.5621,-22.9428],[-43.5617,-22.9416],[-43.568,-22.9396],[-43.5685,-22.9409],[-43.5693,-22.9417],[-43.571,-22.9454],[-43.5727,-22.9464],[-43.5748,-22.9467],[-43.5767,-22.9473],[-43.5772,-22.9467],[-43.5767,-22.9458],[-43.5773,-22.9445],[-43.5782,-22.935],[-43.5779,-22.9319],[-43.5785,-22.9316],[-43.5802,-22.9318],[-43.5819,-22.9323],[-43.5865,-22.9323],[-43.5871,-22.9333],[-43.5877,-22.9334],[-43.5893,-22.9344],[-43.5925,-22.9356],[-43.5981,-22.9353],[-43.6038,-22.934],[-43.6059,-22.9344],[-43.6147,-22.9347],[-43.6134,-22.9362],[-43.6135,-22.9377],[-43.6141,-22.942],[-43.6147,-22.9422],[-43.6167,-22.9443],[-43.6171,-22.9463],[-43.6191,-22.9475],[-43.6198,-22.9481],[-43.6216,-22.9491],[-43.6232,-22.9495],[-43.6255,-22.9503],[-43.6263,-22.9511],[-43.6288,-22.9516],[-43.632,-22.9529],[-43.6332,-22.954],[-43.6357,-22.9547],[-43.636,-22.9552],[-43.638,-22.9561],[-43.6391,-22.9562],[-43.6421,-22.9559],[-43.6436,-22.9569],[-43.645,-22.9571],[-43.6493,-22.9544],[-43.6518,-22.9545],[-43.6523,-22.9553],[-43.6544,-22.955],[-43.6577,-22.9569],[-43.6591,-22.9588],[-43.662,-22.9622],[-43.6639,-22.9654],[-43.6649,-22.9663],[-43.665,-22.9673],[-43.6664,-22.9683],[-43.6674,-22.9685],[-43.6681,-22.9693],[-43.6708,-22.9704],[-43.6718,-22.971],[-43.6756,-22.9716],[-43.6761,-22.9726],[-43.6754,-22.9757],[-43.6748,-22.9767],[-43.6742,-22.9793],[-43.6743,-22.9804],[-43.6697,-22.9834],[-43.6688,-22.9838],[-43.6664,-22.9857],[-43.6651,-22.9865],[-43.664,-22.9875],[-43.6622,-22.9887],[-43.6601,-22.9915],[-43.6589,-22.9922],[-43.6564,-22.9958],[-43.6554,-22.9984],[-43.6541,-23.0001],[-43.6529,-23.0009],[-43.6505,-22.9975],[-43.6502,-22.9962],[-43.6503,-22.9935],[-43.6476,-22.9927],[-43.6443,-22.9922],[-43.6431,-22.9923],[-43.642,-22.9918],[-43.6414,-22.9908],[-43.6402,-22.9902],[-43.6381,-22.9901],[-43.636,-22.9907],[-43.6319,-22.9897],[-43.6293,-22.9888],[-43.6288,-22.9928],[-43.6284,-22.9933],[-43.6266,-22.9964],[-43.6267,-22.9983],[-43.6275,-23.0016],[-43.6282,-23.0052],[-43.6291,-23.0078],[-43.6302,-23.0087],[-43.6276,-23.009],[-43.6266,-23.011],[-43.6245,-23.0119],[-43.6241,-23.0141],[-43.6235,-23.0148],[-43.6205,-23.0163],[-43.6181,-23.0172],[-43.6108,-23.0206],[-43.608,-23.0217],[-43.6051,-23.0222],[-43.6032,-23.0221],[-43.5993,-23.0229],[-43.5989,-23.0234],[-43.6146,-23.031],[-43.6157,-23.0317],[-43.6199,-23.0329],[-43.6226,-23.0333],[-43.6265,-23.0335],[-43.6302,-23.0334],[-43.6326,-23.0338],[-43.6358,-23.0333],[-43.6413,-23.0355],[-43.6422,-23.0353],[-43.6431,-23.0358],[-43.6457,-23.0367],[-43.6512,-23.0378],[-43.6541,-23.0387],[-43.6545,-23.0386],[-43.6569,-23.0394],[-43.6586,-23.0402],[-43.6606,-23.0409],[-43.6623,-23.0412],[-43.6632,-23.0409],[-43.6642,-23.0414],[-43.6642,-23.0529],[-43.6614,-23.0528],[-43.6596,-23.0525],[-43.6575,-23.0525],[-43.6545,-23.0521],[-43.6505,-23.0519],[-43.6482,-23.0517],[-43.64,-23.0512],[-43.638,-23.0509],[-43.6343,-23.0509],[-43.6325,-23.0506],[-43.6292,-23.0505],[-43.6271,-23.0507],[-43.6236,-23.0504],[-43.6219,-23.0507],[-43.6167,-23.0505],[-43.6158,-23.0506],[-43.6102,-23.0508],[-43.6038,-23.0512],[-43.5974,-23.0518],[-43.589,-23.0534],[-43.586,-23.0541],[-43.5836,-23.0546],[-43.5806,-23.0553],[-43.5761,-23.0569],[-43.5733,-23.0584],[-43.5701,-23.0609],[-43.5685,-23.0625],[-43.5667,-23.0627],[-43.5663,-23.0634],[-43.5657,-23.0621],[-43.564,-23.0612],[-43.5613,-23.0579],[-43.5598,-23.0565],[-43.5589,-23.056],[-43.5562,-23.0537],[-43.5554,-23.0527],[-43.5535,-23.0515],[-43.5529,-23.0504],[-43.5526,-23.0483],[-43.5529,-23.0466],[-43.5541,-23.0443],[-43.5579,-23.0407],[-43.5621,-23.0346],[-43.5637,-23.0328],[-43.5641,-23.0313],[-43.5628,-23.0287],[-43.5628,-23.028],[-43.5638,-23.0268],[-43.5637,-23.0261],[-43.5616,-23.0251],[-43.5599,-23.0238],[-43.5586,-23.0238],[-43.5575,-23.0244],[-43.5552,-23.0248],[-43.5499,-23.0247],[-43.5476,-23.0233],[-43.5466,-23.022],[-43.5465,-23.021],[-43.5446,-23.0192],[-43.5436,-23.0161],[-43.5416,-23.0118],[-43.5401,-23.013],[-43.5391,-23.0133],[-43.5364,-23.0136],[-43.535,-23.0136],[-43.5311,-23.0128],[-43.5304,-23.0118],[-43.5309,-23.0102],[-43.5301,-23.0092],[-43.527,-23.0081],[-43.5253,-23.0087],[-43.5241,-23.0082],[-43.5221,-23.0078],[-43.5218,-23.0068],[-43.5223,-23.0052],[-43.5231,-23.0039],[-43.5232,-23.002],[-43.5225,-23.0006],[-43.5213,-22.9994],[-43.5211,-22.9983],[-43.5223,-22.9968],[-43.5221,-22.9947],[-43.5213,-22.9937],[-43.5197,-22.993],[-43.5193,-22.9916],[-43.5194,-22.9907],[-43.5204,-22.99],[-43.5209,-22.9883],[-43.5199,-22.9865],[-43.5197,-22.9851],[-43.52,-22.9838],[-43.5191,-22.9818],[-43.5191,-22.9794],[-43.5194,-22.9775],[-43.5182,-22.9759],[-43.5167,-22.9749],[-43.5164,-22.9742],[-43.5174,-22.973],[-43.5174,-22.9719],[-43.5187,-22.9699],[-43.5209,-22.9678],[-43.5187,-22.965],[-43.5177,-22.9641],[-43.5181,-22.9622],[-43.5181,-22.9595],[-43.5188,-22.9576],[-43.5188,-22.9568],[-43.5177,-22.9556],[-43.5175,-22.9527]],[[-43.5763,-22.9882],[-43.5716,-22.9849],[-43.5709,-22.9847],[-43.5685,-22.9848],[-43.5649,-22.9864],[-43.5625,-22.9879],[-43.5598,-22.9877],[-43.558,-22.987],[-43.5564,-22.9875],[-43.5523,-22.9891],[-43.5449,-22.9923],[-43.5445,-22.9926],[-43.5441,-22.9946],[-43.5402,-23.0023],[-43.5401,-23.0048],[-43.5405,-23.0065],[-43.5404,-23.0083],[-43.5409,-23.0089],[-43.5434,-23.0077],[-43.5475,-23.0074],[-43.5485,-23.0077],[-43.592,-22.9974],[-43.5941,-22.9962],[-43.5957,-22.9945],[-43.5955,-22.994],[-43.5936,-22.994],[-43.5906,-22.9962],[-43.5894,-22.9962],[-43.5849,-22.9953],[-43.5837,-22.9947],[-43.5805,-22.992],[-43.5782,-22.9903],[-43.5763,-22.9882]]]},"properties":{"codbairro":"151","nome":"Guaratiba","rp":"Guaratiba","regiao_adm":"GUARATIBA"}},
{"type":"Feature","geometry":{"type":"Polygon","coordinates":[[[-43.4429,-22.9453],[-43.4459,-22.9453],[-43.4476,-22.9456],[-43.4497,-22.9465],[-43.4544,-22.9475],[-43.4559,-22.9478],[-43.4614,-22.947],[-43.4641,-22.9469],[-43.4666,-22.9463],[-43.4653,-22.9452],[-43.4644,-22.9439],[-43.4642,-22.9426],[-43.4652,-22.9409],[-43.4672,-22.9391],[-43.4698,-22.9363],[-43.4702,-22.935],[-43.4701,-22.9341],[-43.4719,-22.9316],[-43.4729,-22.9318],[-43.4745,-22.9327],[-43.4763,-22.9329],[-43.4793,-22.9345],[-43.4807,-22.9348],[-43.4829,-22.9343],[-43.4839,-22.9358],[-43.4845,-22.9362],[-43.4875,-22.9371],[-43.4902,-22.9382],[-43.493,-22.939],[-43.4936,-22.9402],[-43.495,-22.9413],[-43.497,-22.9421],[-43.4994,-22.9423],[-43.5012,-22.9427],[-43.5029,-22.9436],[-43.5046,-22.9462],[-43.5056,-22.9485],[-43.5065,-22.9497],[-43.5085,-22.9504],[-43.5106,-22.9509],[-43.512,-22.9522],[-43.5143,-22.9525],[-43.5171,-22.9524],[-43.5175,-22.9527],[-43.5177,-22.9556],[-43.5188,-22.9568],[-43.5188,-22.9576],[-43.5181,-22.9595],[-43.5181,-22.9622],[-43.5177,-22.9641],[-43.5187,-22.965],[-43.5209,-22.9678],[-43.5187,-22.9699],[-43.5174,-22.9719],[-43.5174,-22.973],[-43.5164,-22.9742],[-43.5167,-22.9749],[-43.5182,-22.9759],[-43.5194,-22.9775],[-43.5191,-22.9794],[-43.5191,-22.9818],[-43.52,-22.9838],[-43.5197,-22.9851],[-43.5199,-22.9865],[-43.5209,-22.9883],[-43.5204,-22.99],[-43.5194,-22.9907],[-43.5193,-22.9916],[-43.5197,-22.993],[-43.5213,-22.9937],[-43.5221,-22.9947],[-43.5223,-22.9968],[-43.5211,-22.9983],[-43.5213,-22.9994],[-43.5225,-23.0006],[-43.5232,-23.002],[-43.5231,-23.0039],[-43.5223,-23.0052],[-43.5218,-23.0068],[-43.5221,-23.0078],[-43.5217,-23.0082],[-43.5216,-23.01],[-43.5205,-23.0111],[-43.5188,-23.0111],[-43.5197,-23.0128],[-43.5197,-23.0146],[-43.5179,-23.0157],[-43.5034,-23.0198],[-43.5004,-23.0206],[-43.4981,-23.021],[-43.4957,-23.0211],[-43.493,-23.0209],[-43.4933,-23.0156],[-43.4934,-23.0098],[-43.4939,-23.0008],[-43.4941,-22.9991],[-43.4952,-22.9961],[-43.4948,-22.9948],[-43.4909,-22.9883],[-43.4874,-22.9848],[-43.4855,-22.985],[-43.4838,-22.9844],[-43.4813,-22.9832],[-43.4802,-22.9823],[-43.4779,-22.9814],[-43.4764,-22.9814],[-43.4753,-22.9805],[-43.4755,-22.979],[-43.4753,-22.9779],[-43.4722,-22.9756],[-43.4714,-22.9739],[-43.4692,-22.9722],[-43.4667,-22.9712],[-43.4649,-22.9702],[-43.4608,-22.9666],[-43.4596,-22.9648],[-43.455,-22.9623],[-43.4539,-22.961],[-43.4515,-22.9608],[-43.4483,-22.9604],[-43.4453,-22.9598],[-43.4461,-22.9596],[-43.4463,-22.9585],[-43.4473,-22.9573],[-43.4464,-22.9566],[-43.4465,-22.9553],[-43.4468,-22.9541],[-43.446,-22.9516],[-43.446,-22.949],[-43.4431,-22.9489],[-43.4418,-22.9477],[-43.4422,-22.9457],[-43.4429,-22.9453]]]},"properties":{"codbairro":"131","nome":"Vargem Grande","rp":"Barra da Tijuca","regiao_adm":"BARRA DA TIJUCA"}},
{"type":"Feature","geometry":{"type":"Polygon","coordinates":[[[-43.2204,-22.9321],[-43.2222,-22.9309],[-43.2229,-22.9313],[-43.2237,-22.9335],[-43.2253,-22.9348],[-43.2269,-22.9352],[-43.2273,-22.9366],[-43.2288,-22.9378],[-43.2287,-22.9387],[-43.2294,-22.9397],[-43.2306,-22.9398],[-43.2307,-22.942],[-43.2313,-22.9426],[-43.2316,-22.9447],[-43.2334,-22.9449],[-43.2339,-22.9454],[-43.2356,-22.9452],[-43.2362,-22.9434],[-43.2369,-22.9427],[-43.2373,-22.941],[-43.239,-22.9415],[-43.2397,-22.9425],[-43.2398,-22.9441],[-43.2408,-22.9459],[-43.2444,-22.9449],[-43.245,-22.9463],[-43.2462,-22.9462],[-43.2474,-22.9478],[-43.2474,-22.9486],[-43.2464,-22.9504],[-43.2487,-22.9508],[-43.2512,-22.9504],[-43.2519,-22.9499],[-43.2531,-22.9503],[-43.2578,-22.9464],[-43.2584,-22.9452],[-43.2598,-22.9458],[-43.2625,-22.946],[-43.2638,-22.9456],[-43.2686,-22.9448],[-43.2697,-22.9454],[-43.2724,-22.9451],[-43.2738,-22.9444],[-43.2745,-22.9445],[-43.2757,-22.9436],[-43.279,-22.94],[-43.2795,-22.9398],[-43.2835,-22.9414],[-43.2853,-22.9434],[-43.2862,-22.9438],[-43.2895,-22.9442],[-43.2911,-22.9446],[-43.2927,-22.9454],[-43.2979,-22.9488],[-43.2995,-22.9495],[-43.3002,-22.9507],[-43.3008,-22.9536],[-43.3002,-22.9561],[-43.3002,-22.9581],[-43.3013,-22.9597],[-43.3004,-22.961],[-43.3004,-22.9623],[-43.3011,-22.964],[-43.3014,-22.9653],[-43.3013,-22.9733],[-43.3004,-22.9731],[-43.2998,-22.9738],[-43.2989,-22.9736],[-43.2973,-22.974],[-43.2964,-22.9739],[-43.2954,-22.9763],[-43.2944,-22.9753],[-43.2927,-22.9741],[-43.2936,-22.9764],[-43.2948,-22.9779],[-43.2963,-22.9791],[-43.2946,-22.9793],[-43.2938,-22.9799],[-43.2928,-22.9795],[-43.2827,-22.988],[-43.2817,-22.9859],[-43.279,-22.9836],[-43.2787,-22.9819],[-43.2765,-22.9823],[-43.2743,-22.9822],[-43.273,-22.9818],[-43.2663,-22.9825],[-43.2638,-22.9821],[-43.2622,-22.9813],[-43.2598,-22.9805],[-43.2579,-22.9796],[-43.2543,-22.9791],[-43.2528,-22.9792],[-43.2513,-22.9789],[-43.2499,-22.979],[-43.248,-22.9802],[-43.2436,-22.9817],[-43.2423,-22.9824],[-43.2416,-22.982],[-43.2415,-22.9809],[-43.2426,-22.9798],[-43.2435,-22.9808],[-43.2447,-22.9803],[-43.2469,-22.9788],[-43.2472,-22.9777],[-43.2489,-22.9767],[-43.2467,-22.9756],[-43.2464,-22.9748],[-43.2452,-22.9745],[-43.2439,-22.9753],[-43.2427,-22.9791],[-43.2418,-22.9792],[-43.238,-22.9803],[-43.2377,-22.9798],[-43.2386,-22.9769],[-43.2391,-22.9766],[-43.2368,-22.9745],[-43.2342,-22.9749],[-43.2323,-22.9745],[-43.2316,-22.9733],[-43.2304,-22.9723],[-43.2291,-22.9719],[-43.2285,-22.9704],[-43.2271,-22.9705],[-43.2282,-22.9697],[-43.2317,-22.9704],[-43.2331,-22.9701],[-43.2338,-22.9709],[-43.2351,-22.9712],[-43.2363,-22.9719],[-43.2375,-22.9721],[-43.2383,-22.9715],[-43.2388,-22.9705],[-43.2383,-22.9692],[-43.239,-22.9689],[-43.2407,-22.969],[-43.2415,-22.9694],[-43.2427,-22.9687],[-43.2419,-22.9679],[-43.2413,-22.9665],[-43.2396,-22.9652],[-43.2385,-22.9654],[-43.2381,-22.9644],[-43.2349,-22.9647],[-43.2341,-22.9649],[-43.2329,-22.9647],[-43.2324,-22.9638],[-43.2307,-22.9636],[-43.2278,-22.9623],[-43.2277,-22.9613],[-43.2247,-22.9596],[-43.2236,-22.9597],[-43.2234,-22.9589],[-43.2218,-22.9578],[-43.2215,-22.9585],[-43.2195,-22.9598],[-43.2154,-22.9593],[-43.2142,-22.9589],[-43.2125,-22.9578],[-43.2112,-22.9576],[-43.2109,-22.957],[-43.2097,-22.9571],[-43.2085,-22.9564],[-43.2056,-22.9568],[-43.2048,-22.955],[-43.2042,-22.9558],[-43.202,-22.9547],[-43.2043,-22.9531],[-43.2101,-22.952],[-43.2112,-22.9522],[-43.2135,-22.9522],[-43.2144,-22.9515],[-43.2142,-22.9506],[-43.2153,-22.9498],[-43.216,-22.9487],[-43.2172,-22.9482],[-43.2179,-22.9467],[-43.219,-22.9429],[-43.2191,-22.9404],[-43.2186,-22.9372],[-43.2184,-22.9344],[-43.2165,-22.9338],[-43.2143,-22.9334],[-43.219,-22.9335],[-43.2204,-22.9321]]]},"properties":{"codbairro":"034","nome":"Alto da Boa Vista","rp":"Tijuca","regiao_adm":"TIJUCA"}},
{"type":"Feature","geometry":{"type":"Polygon","coordinates":[[[-43.1964,-22.945],[-43.1946,-22.9391],[-43.1946,-22.9365],[-43.197,-22.937],[-43.199,-22.9366],[-43.1984,-22.9377],[-43.1991,-22.9382],[-43.1982,-22.9391],[-43.1996,-22.9398],[-43.202,-22.9389],[-43.203,-22.9396],[-43.2047,-22.9396],[-43.206,-22.9407],[-43.2063,-22.9422],[-43.2069,-22.9433],[-43.2081,-22.943],[-43.2087,-22.9437],[-43.208,-22.9442],[-43.2083,-22.9456],[-43.2077,-22.9458],[-43.2053,-22.9446],[-43.2052,-22.9456],[-43.204,-22.9466],[-43.202,-22.9462],[-43.2005,-22.9439],[-43.1996,-22.9433],[-43.1964,-22.945]]]},"properties":{"codbairro":"019","nome":"Cosme Velho","rp":"Zona Sul","regiao_adm":"BOTAFOGO"}},
{"type":"Feature","geometry":{"type":"Polygon","coordinates":[[[-43.3913,-22.9605],[-43.3814,-22.9581],[-43.3806,-22.9577],[-43.3765,-22.9547],[-43.3783,-22.9537],[-43.3788,-22.9531],[-43.3787,-22.9505],[-43.3784,-22.95],[-43.3758,-22.9489],[-43.3753,-22.9475],[-43.3763,-22.946],[-43.3784,-22.9435],[-43.3783,-22.9399],[-43.3807,-22.9375],[-43.3842,-22.9416],[-43.3843,-22.9419],[-43.3851,-22.943],[-43.388,-22.9448],[-43.3897,-22.9463],[-43.39,-22.947],[-43.3918,-22.9524],[-43.3911,-22.9538],[-43.3916,-22.9546],[-43.3945,-22.9571],[-43.3958,-22.9579],[-43.3985,-22.9578],[-43.3995,-22.9574],[-43.4027,-22.9566],[-43.4038,-22.9569],[-43.4047,-22.9581],[-43.4053,-22.9606],[-43.405,-22.9615],[-43.4034,-22.9633],[-43.3921,-22.9606],[-43.3917,-22.9606],[-43.3913,-22.9605]]]},"properties":{"codbairro":"119","nome":"Curicica","rp":"Jacarepaguá","regiao_adm":"JACAREPAGUA"}},
{"type":"Feature","geometry":{"type":"Polygon","coordinates":[[[-43.1768,-22.9437],[-43.1765,-22.9411],[-43.1783,-22.9401],[-43.1804,-22.9396],[-43.1814,-22.9389],[-43.1834,-22.9396],[-43.1852,-22.9406],[-43.1872,-22.9406],[-43.1882,-22.9391],[-43.189,-22.9399],[-43.1898,-22.9414],[-43.1899,-22.9427],[-43.1891,-22.9443],[-43.1915,-22.9459],[-43.1934,-22.9463],[-43.1952,-22.9457],[-43.1964,-22.945],[-43.1981,-22.947],[-43.2011,-22.948],[-43.2017,-22.9486],[-43.1987,-22.9507],[-43.1964,-22.9525],[-43.1954,-22.9552],[-43.1965,-22.9556],[-43.1959,-22.9582],[-43.1984,-22.9587],[-43.1979,-22.9597],[-43.1973,-22.9628],[-43.1955,-22.9617],[-43.1937,-22.9613],[-43.1914,-22.9625],[-43.1879,-22.9633],[-43.1861,-22.9629],[-43.1855,-22.9621],[-43.1846,-22.9616],[-43.1833,-22.9615],[-43.1819,-22.961],[-43.1787,-22.9612],[-43.1764,-22.9597],[-43.1749,-22.9591],[-43.1732,-22.9588],[-43.1725,-22.9579],[-43.1696,-22.9573],[-43.1739,-22.9546],[-43.1729,-22.9527],[-43.1756,-22.9513],[-43.1753,-22.951],[-43.1784,-22.9494],[-43.1798,-22.9493],[-43.1803,-22.9482],[-43.1805,-22.9471],[-43.18,-22.9447],[-43.1796,-22.9438],[-43.1785,-22.9428],[-43.1768,-22.9437]]]},"properties":{"codbairro":"020","nome":"Botafogo","rp":"Zona Sul","regiao_adm":"BOTAFOGO"}},
{"type":"Feature","geometry":{"type":"Polygon","coordinates":[[[-43.1603,-22.9616],[-43.1605,-22.9608],[-43.1598,-22.9602],[-43.1602,-22.9594],[-43.1593,-22.9589],[-43.161,-22.9571],[-43.1626,-22.9573],[-43.1644,-22.9563],[-43.1644,-22.9547],[-43.164,-22.9542],[-43.1618,-22.9536],[-43.1609,-22.9528],[-43.1602,-22.9533],[-43.157,-22.9532],[-43.1556,-22.9525],[-43.154,-22.9523],[-43.1526,-22.9514],[-43.1514,-22.9515],[-43.1502,-22.9508],[-43.1511,-22.9498],[-43.1508,-22.9493],[-43.1522,-22.9482],[-43.1548,-22.9473],[-43.1552,-22.9468],[-43.156,-22.9436],[-43.1544,-22.9418],[-43.1535,-22.9421],[-43.1523,-22.9419],[-43.151,-22.9405],[-43.152,-22.9396],[-43.1524,-22.9386],[-43.1535,-22.9387],[-43.1544,-22.9395],[-43.1577,-22.9412],[-43.1576,-22.9432],[-43.1585,-22.9437],[-43.1604,-22.9433],[-43.162,-22.9434],[-43.1628,-22.9443],[-43.1638,-22.9458],[-43.1631,-22.9475],[-43.1638,-22.948],[-43.165,-22.9478],[-43.1677,-22.9498],[-43.168,-22.9506],[-43.17,-22.9524],[-43.171,-22.9525],[-43.1725,-22.9519],[-43.1724,-22.9514],[-43.1767,-22.9496],[-43.1777,-22.9489],[-43.1798,-22.9487],[-43.1803,-22.9482],[-43.1798,-22.9493],[-43.1784,-22.9494],[-43.1753,-22.951],[-43.1756,-22.9513],[-43.1729,-22.9527],[-43.1739,-22.9546],[-43.1696,-22.9573],[-43.1672,-22.9588],[-43.1659,-22.9591],[-43.1633,-22.9592],[-43.1621,-22.96],[-43.1618,-22.9616],[-43.1603,-22.9616]]]},"properties":{"codbairro":"022","nome":"Urca","rp":"Zona Sul","regiao_adm":"BOTAFOGO"}},
{"type":"Feature","geometry":{"type":"Polygon","coordinates":[[[-43.3614,-22.9415],[-43.362,-22.9414],[-43.3629,-22.9442],[-43.3643,-22.945],[-43.3657,-22.9438],[-43.3674,-22.9444],[-43.3677,-22.9439],[-43.3693,-22.9435],[-43.3695,-22.943],[-43.3685,-22.9419],[-43.3703,-22.9417],[-43.3714,-22.9421],[-43.3709,-22.9448],[-43.3713,-22.9465],[-43.372,-22.9477],[-43.3722,-22.9484],[-43.369,-22.9484],[-43.3684,-22.9481],[-43.3671,-22.9501],[-43.3654,-22.9516],[-43.3642,-22.9519],[-43.3621,-22.9519],[-43.3601,-22.9533],[-43.3571,-22.9538],[-43.3554,-22.9535],[-43.3542,-22.9528],[-43.353,-22.9527],[-43.3534,-22.9499],[-43.3557,-22.9494],[-43.3568,-22.9502],[-43.3576,-22.9489],[-43.3592,-22.9481],[-43.36,-22.948],[-43.36,-22.947],[-43.3585,-22.9459],[-43.3592,-22.9439],[-43.3613,-22.9437],[-43.3609,-22.9417],[-43.3614,-22.9415]]]},"properties":{"codbairro":"118","nome":"Cidade de Deus","rp":"Jacarepaguá","regiao_adm":"CIDADE DE DEUS"}},
{"type":"Feature","geometry":{"type":"MultiPolygon","coordinates":[[[[-43.6708,-22.9704],[-43.6745,-22.9687],[-43.681,-22.9658],[-43.6879,-22.9629],[-43.6874,-22.9621],[-43.6852,-22.9615],[-43.6841,-22.9607],[-43.683,-22.9595],[-43.6831,-22.9582],[-43.6837,-22.9576],[-43.6854,-22.957],[-43.6862,-22.955],[-43.6842,-22.9539],[-43.6829,-22.9529],[-43.6817,-22.9512],[-43.6812,-22.9496],[-43.6842,-22.9465],[-43.6864,-22.9472],[-43.6933,-22.9463],[-43.6949,-22.946],[-43.6953,-22.9468],[-43.6996,-22.9508],[-43.7041,-22.9559],[-43.7056,-22.9582],[-43.7074,-22.962],[-43.7083,-22.9636],[-43.7093,-22.9641],[-43.714,-22.9657],[-43.7169,-22.9658],[-43.7191,-22.9668],[-43.7193,-22.9671],[-43.7182,-22.9694],[-43.7183,-22.9701],[-43.7193,-22.9714],[-43.7183,-22.9722],[-43.718,-22.971],[-43.7161,-22.9704],[-43.7152,-22.9697],[-43.7145,-22.9705],[-43.7128,-22.9709],[-43.7108,-22.972],[-43.7101,-22.9727],[-43.7083,-22.9737],[-43.7064,-22.9753],[-43.7044,-22.978],[-43.7024,-22.9816],[-43.7012,-22.9838],[-43.7004,-22.9849],[-43.7001,-22.9861],[-43.6983,-22.9859],[-43.6958,-22.9846],[-43.6933,-22.9866],[-43.6911,-22.9892],[-43.6897,-22.9914],[-43.6888,-22.9898],[-43.689,-22.9883],[-43.6878,-22.9863],[-43.6861,-22.9851],[-43.684,-22.9845],[-43.6809,-22.9814],[-43.6775,-22.9806],[-43.6754,-22.9807],[-43.6743,-22.9804],[-43.6742,-22.9793],[-43.6748,-22.9767],[-43.6754,-22.9757],[-43.6761,-22.9726],[-43.6756,-22.9716],[-43.6718,-22.971],[-43.6708,-22.9704]]],[[[-43.7032,-22.9852],[-43.7041,-22.9853],[-43.7069,-22.9864],[-43.7066,-22.9868],[-43.7036,-22.9857],[-43.7032,-22.9852]]]]},"properties":{"codbairro":"150","nome":"Sepetiba","rp":"Santa Cruz","regiao_adm":"SANTA CRUZ"}},
{"type":"Feature","geometry":{"type":"Polygon","coordinates":[[[-43.3459,-22.9636],[-43.3481,-22.9668],[-43.346,-22.9675],[-43.3468,-22.9695],[-43.3466,-22.9707],[-43.3457,-22.9715],[-43.3441,-22.972],[-43.3427,-22.9718],[-43.3402,-22.971],[-43.3392,-22.97],[-43.3381,-22.9677],[-43.338,-22.9658],[-43.336,-22.9647],[-43.3351,-22.9648],[-43.3348,-22.9611],[-43.3355,-22.9588],[-43.3371,-22.9554],[-43.3347,-22.9562],[-43.3349,-22.9572],[-43.3317,-22.9586],[-43.3313,-22.9576],[-43.3297,-22.9575],[-43.3292,-22.9571],[-43.3286,-22.9549],[-43.3277,-22.9548],[-43.3268,-22.9536],[-43.3272,-22.9522],[-43.3299,-22.9487],[-43.3297,-22.9479],[-43.3304,-22.9466],[-43.3303,-22.9456],[-43.3307,-22.9438],[-43.3316,-22.9431],[-43.3354,-22.9443],[-43.3374,-22.9467],[-43.3392,-22.9478],[-43.3398,-22.9473],[-43.3415,-22.9496],[-43.3416,-22.9504],[-43.3434,-22.952],[-43.3437,-22.9528],[-43.3449,-22.9529],[-43.3484,-22.9538],[-43.3494,-22.9545],[-43.3496,-22.9556],[-43.3484,-22.9561],[-43.3449,-22.9569],[-43.3435,-22.9574],[-43.3436,-22.9596],[-43.3446,-22.9618],[-43.3459,-22.9636]]]},"properties":{"codbairro":"116","nome":"Anil","rp":"Jacarepaguá","regiao_adm":"JACAREPAGUA"}},
{"type":"Feature","geometry":{"type":"MultiPolygon","coordinates":[[[[-43.416,-22.9114],[-43.4164,-22.9126],[-43.417,-22.9132],[-43.4183,-22.9135],[-43.4206,-22.913],[-43.421,-22.9121],[-43.4225,-22.9119],[-43.4232,-22.9122],[-43.4254,-22.9118],[-43.4264,-22.9107],[-43.4291,-22.9099],[-43.4313,-22.9078],[-43.4357,-22.9087],[-43.4379,-22.9087],[-43.44,-22.9091],[-43.4501,-22.9123],[-43.4517,-22.9136],[-43.4552,-22.9148],[-43.4575,-22.9147],[-43.4605,-22.9151],[-43.4639,-22.9151],[-43.4666,-22.9156],[-43.4677,-22.9163],[-43.4688,-22.9172],[-43.4692,-22.92],[-43.4686,-22.9221],[-43.4676,-22.9232],[-43.4693,-22.9248],[-43.4713,-22.9264],[-43.4724,-22.9279],[-43.4729,-22.9318],[-43.4719,-22.9316],[-43.4701,-22.9341],[-43.4702,-22.935],[-43.4698,-22.9363],[-43.4672,-22.9391],[-43.4652,-22.9409],[-43.4642,-22.9426],[-43.4644,-22.9439],[-43.4653,-22.9452],[-43.4666,-22.9463],[-43.4641,-22.9469],[-43.4614,-22.947],[-43.4559,-22.9478],[-43.4544,-22.9475],[-43.4497,-22.9465],[-43.4476,-22.9456],[-43.4459,-22.9453],[-43.4429,-22.9453],[-43.4406,-22.9465],[-43.4371,-22.9475],[-43.4363,-22.9487],[-43.4364,-22.9516],[-43.4366,-22.9526],[-43.4367,-22.9559],[-43.4347,-22.9568],[-43.4332,-22.9567],[-43.4313,-22.957],[-43.4296,-22.9566],[-43.4284,-22.9571],[-43.4282,-22.9591],[-43.4267,-22.9623],[-43.426,-22.9632],[-43.4257,-22.9657],[-43.426,-22.9666],[-43.4259,-22.9694],[-43.4235,-22.9718],[-43.4217,-22.9724],[-43.4206,-22.9737],[-43.4186,-22.9732],[-43.4176,-22.9732],[-43.4153,-22.974],[-43.4149,-22.9746],[-43.4143,-22.9751],[-43.4141,-22.9752],[-43.4137,-22.9754],[-43.4135,-22.9756],[-43.4134,-22.9756],[-43.4133,-22.9755],[-43.4116,-22.9741],[-43.4103,-22.9734],[-43.407,-22.9727],[-43.4035,-22.9733],[-43.4012,-22.9711],[-43.392,-22.961],[-43.3917,-22.9606],[-43.3921,-22.9606],[-43.4034,-22.9633],[-43.405,-22.9615],[-43.4053,-22.9606],[-43.4047,-22.9581],[-43.4038,-22.9569],[-43.4027,-22.9566],[-43.3995,-22.9574],[-43.3985,-22.9578],[-43.3958,-22.9579],[-43.3945,-22.9571],[-43.3916,-22.9546],[-43.3911,-22.9538],[-43.3918,-22.9524],[-43.39,-22.947],[-43.3897,-22.9463],[-43.388,-22.9448],[-43.3851,-22.943],[-43.3843,-22.9419],[-43.3844,-22.9394],[-43.3833,-22.9385],[-43.3826,-22.936],[-43.3827,-22.935],[-43.3842,-22.9327],[-43.3876,-22.932],[-43.3928,-22.9289],[-43.3922,-22.9281],[-43.3907,-22.9252],[-43.3908,-22.9241],[-43.392,-22.9197],[-43.3952,-22.9188],[-43.396,-22.918],[-43.3987,-22.9175],[-43.4013,-22.9173],[-43.4048,-22.9183],[-43.4068,-22.9191],[-43.4097,-22.9189],[-43.4129,-22.9173],[-43.415,-22.9169],[-43.4145,-22.9153],[-43.4157,-22.9137],[-43.4156,-22.912],[-43.416,-22.9114]]],[[[-43.306,-22.9183],[-43.3088,-22.917],[-43.3108,-22.9165],[-43.3116,-22.9169],[-43.3135,-22.9165],[-43.315,-22.9168],[-43.3166,-22.9179],[-43.3183,-22.9177],[-43.3206,-22.9171],[-43.3229,-22.9192],[-43.3236,-22.9194],[-43.3263,-22.9221],[-43.3267,-22.923],[-43.3258,-22.9262],[-43.3257,-22.9276],[-43.322,-22.9299],[-43.3227,-22.9306],[-43.3242,-22.9306],[-43.3284,-22.9341],[-43.3278,-22.9347],[-43.3254,-22.9364],[-43.3256,-22.9379],[-43.3253,-22.9402],[-43.3316,-22.9431],[-43.3307,-22.9438],[-43.3303,-22.9456],[-43.3304,-22.9466],[-43.3297,-22.9479],[-43.3299,-22.9487],[-43.3272,-22.9522],[-43.3268,-22.9536],[-43.3277,-22.9548],[-43.3286,-22.9549],[-43.3292,-22.9571],[-43.3297,-22.9575],[-43.3313,-22.9576],[-43.3317,-22.9586],[-43.3349,-22.9572],[-43.3347,-22.9562],[-43.3371,-22.9554],[-43.3355,-22.9588],[-43.3348,-22.9611],[-43.3351,-22.9648],[-43.336,-22.9647],[-43.338,-22.9658],[-43.3381,-22.9677],[-43.3392,-22.97],[-43.3402,-22.971],[-43.3427,-22.9718],[-43.3441,-22.972],[-43.3457,-22.9715],[-43.3466,-22.9707],[-43.3468,-22.9695],[-43.346,-22.9675],[-43.3481,-22.9668],[-43.3459,-22.9636],[-43.3469,-22.9634],[-43.357,-22.9628],[-43.3577,-22.9629],[-43.3578,-22.9667],[-43.3571,-22.9682],[-43.357,-22.9696],[-43.3562,-22.9713],[-43.351,-22.9757],[-43.3477,-22.9787],[-43.3461,-22.9802],[-43.3451,-22.9817],[-43.3428,-22.9814],[-43.3419,-22.9817],[-43.3398,-22.9799],[-43.3381,-22.9787],[-43.3365,-22.9779],[-43.335,-22.9779],[-43.3337,-22.9772],[-43.3311,-22.9754],[-43.3289,-22.9733],[-43.3227,-22.9739],[-43.321,-22.9742],[-43.3188,-22.9741],[-43.3163,-22.9734],[-43.3136,-22.9739],[-43.3119,-22.9736],[-43.3103,-22.9726],[-43.3066,-22.97],[-43.3047,-22.9695],[-43.3037,-22.9666],[-43.3028,-22.9657],[-43.3014,-22.9653],[-43.3011,-22.964],[-43.3004,-22.9623],[-43.3004,-22.961],[-43.3013,-22.9597],[-43.3002,-22.9581],[-43.3002,-22.9561],[-43.3008,-22.9536],[-43.3002,-22.9507],[-43.2995,-22.9495],[-43.2979,-22.9488],[-43.2927,-22.9454],[-43.2911,-22.9446],[-43.2895,-22.9442],[-43.2862,-22.9438],[-43.2855,-22.9431],[-43.2852,-22.9417],[-43.2855,-22.938],[-43.2866,-22.9362],[-43.286,-22.9352],[-43.2806,-22.9322],[-43.2797,-22.93],[-43.2786,-22.928],[-43.2784,-22.9266],[-43.2794,-22.9243],[-43.2792,-22.9221],[-43.2788,-22.9213],[-43.2824,-22.9206],[-43.2829,-22.9191],[-43.2844,-22.9186],[-43.2881,-22.9204],[-43.2888,-22.9211],[-43.2912,-22.9219],[-43.2928,-22.9213],[-43.2948,-22.9214],[-43.2976,-22.9211],[-43.301,-22.921],[-43.3036,-22.9194],[-43.306,-22.9183]]],[[[-43.372,-22.9477],[-43.3733,-22.947],[-43.3742,-22.9476],[-43.3753,-22.9475],[-43.3758,-22.9489],[-43.3784,-22.95],[-43.3787,-22.9505],[-43.3788,-22.9531],[-43.3783,-22.9537],[-43.3765,-22.9547],[-43.3806,-22.9577],[-43.3814,-22.9581],[-43.3913,-22.9605],[-43.3905,-22.9616],[-43.382,-22.962],[-43.3757,-22.9579],[-43.3567,-22.958],[-43.3563,-22.9567],[-43.3571,-22.9538],[-43.3601,-22.9533],[-43.3621,-22.9519],[-43.3642,-22.9519],[-43.3654,-22.9516],[-43.3671,-22.9501],[-43.3684,-22.9481],[-43.369,-22.9484],[-43.3722,-22.9484],[-43.372,-22.9477]]]]},"properties":{"codbairro":"115","nome":"Jacarepaguá","rp":"Jacarepaguá","regiao_adm":"JACAREPAGUA"}},
{"type":"Feature","geometry":{"type":"Polygon","coordinates":[[[-43.4134,-22.9756],[-43.4135,-22.9756],[-43.4137,-22.9754],[-43.4141,-22.9752],[-43.4143,-22.9751],[-43.4149,-22.9746],[-43.4153,-22.974],[-43.4176,-22.9732],[-43.4186,-22.9732],[-43.4206,-22.9737],[-43.4217,-22.9724],[-43.4235,-22.9718],[-43.4259,-22.9694],[-43.426,-22.9666],[-43.4257,-22.9657],[-43.426,-22.9632],[-43.4267,-22.9623],[-43.4282,-22.9591],[-43.4284,-22.9571],[-43.4296,-22.9566],[-43.4313,-22.957],[-43.4332,-22.9567],[-43.4347,-22.9568],[-43.4367,-22.9559],[-43.4366,-22.9526],[-43.4364,-22.9516],[-43.4363,-22.9487],[-43.4371,-22.9475],[-43.4406,-22.9465],[-43.4429,-22.9453],[-43.4422,-22.9457],[-43.4418,-22.9477],[-43.4431,-22.9489],[-43.446,-22.949],[-43.446,-22.9516],[-43.4468,-22.9541],[-43.4465,-22.9553],[-43.4464,-22.9566],[-43.4473,-22.9573],[-43.4463,-22.9585],[-43.4461,-22.9596],[-43.4453,-22.9598],[-43.4461,-22.9616],[-43.4467,-22.9662],[-43.4458,-22.9674],[-43.4436,-22.967],[-43.4426,-22.9673],[-43.4413,-22.9685],[-43.4405,-22.9686],[-43.4389,-22.9701],[-43.4386,-22.9714],[-43.4389,-22.9733],[-43.438,-22.9745],[-43.4381,-22.9758],[-43.4392,-22.9783],[-43.441,-22.9813],[-43.441,-22.982],[-43.4386,-22.982],[-43.4364,-22.9827],[-43.4357,-22.9846],[-43.4352,-22.9845],[-43.4317,-22.9861],[-43.4308,-22.9854],[-43.4286,-22.985],[-43.4277,-22.9851],[-43.4282,-22.9878],[-43.4287,-22.989],[-43.4284,-22.9907],[-43.4279,-22.9919],[-43.4262,-22.9922],[-43.4209,-22.991],[-43.4205,-22.9914],[-43.419,-22.9903],[-43.4196,-22.9896],[-43.4255,-22.9856],[-43.4248,-22.9841],[-43.4246,-22.9824],[-43.424,-22.9811],[-43.4231,-22.9804],[-43.4183,-22.9786],[-43.4173,-22.9778],[-43.4166,-22.9783],[-43.4135,-22.9757],[-43.4134,-22.9756]]]},"properties":{"codbairro":"129","nome":"Camorim","rp":"Barra da Tijuca","regiao_adm":"BARRA DA TIJUCA"}},
{"type":"Feature","geometry":{"type":"Polygon","coordinates":[[[-43.1973,-22.9628],[-43.1979,-22.9597],[-43.1984,-22.9587],[-43.1959,-22.9582],[-43.1965,-22.9556],[-43.1954,-22.9552],[-43.1964,-22.9525],[-43.1987,-22.9507],[-43.2017,-22.9486],[-43.2029,-22.9494],[-43.2052,-22.9502],[-43.2078,-22.9506],[-43.2092,-22.9512],[-43.2101,-22.952],[-43.2043,-22.9531],[-43.202,-22.9547],[-43.2042,-22.9558],[-43.2052,-22.9566],[-43.2034,-22.9595],[-43.2041,-22.9604],[-43.2026,-22.9603],[-43.2008,-22.9607],[-43.2005,-22.9619],[-43.1973,-22.9628]]]},"properties":{"codbairro":"021","nome":"Humaitá","rp":"Zona Sul","regiao_adm":"BOTAFOGO"}},
{"type":"Feature","geometry":{"type":"Polygon","coordinates":[[[-43.3459,-22.9636],[-43.3446,-22.9618],[-43.3436,-22.9596],[-43.3435,-22.9574],[-43.3449,-22.9569],[-43.3484,-22.9561],[-43.3496,-22.9556],[-43.3494,-22.9545],[-43.3512,-22.9535],[-43.352,-22.9527],[-43.353,-22.9527],[-43.3542,-22.9528],[-43.3554,-22.9535],[-43.3571,-22.9538],[-43.3563,-22.9567],[-43.3567,-22.958],[-43.3573,-22.9597],[-43.357,-22.9628],[-43.3469,-22.9634],[-43.3459,-22.9636]]]},"properties":{"codbairro":"117","nome":"Gardênia Azul","rp":"Jacarepaguá","regiao_adm":"JACAREPAGUA"}},
{"type":"Feature","geometry":{"type":"Polygon","coordinates":[[[-43.2042,-22.9558],[-43.2048,-22.955],[-43.2056,-22.9568],[-43.2085,-22.9564],[-43.2097,-22.9571],[-43.2109,-22.957],[-43.2112,-22.9576],[-43.2125,-22.9578],[-43.2142,-22.9589],[-43.2154,-22.9593],[-43.2195,-22.9598],[-43.2215,-22.9585],[-43.2218,-22.9578],[-43.2234,-22.9589],[-43.2236,-22.9597],[-43.2247,-22.9596],[-43.2277,-22.9613],[-43.2278,-22.9623],[-43.2307,-22.9636],[-43.2324,-22.9638],[-43.2329,-22.9647],[-43.2341,-22.9649],[-43.2349,-22.9647],[-43.2381,-22.9644],[-43.2385,-22.9654],[-43.2396,-22.9652],[-43.2413,-22.9665],[-43.2419,-22.9679],[-43.2427,-22.9687],[-43.2415,-22.9694],[-43.2407,-22.969],[-43.239,-22.9689],[-43.2383,-22.9692],[-43.2388,-22.9705],[-43.2383,-22.9715],[-43.2375,-22.9721],[-43.2363,-22.9719],[-43.2351,-22.9712],[-43.2338,-22.9709],[-43.2331,-22.9701],[-43.2317,-22.9704],[-43.2282,-22.9697],[-43.2271,-22.9705],[-43.2253,-22.9715],[-43.2244,-22.9725],[-43.2183,-22.9653],[-43.2156,-22.9625],[-43.2144,-22.9617],[-43.2041,-22.9604],[-43.2034,-22.9595],[-43.2052,-22.9566],[-43.2042,-22.9558]]]},"properties":{"codbairro":"028","nome":"Jardim Botânico","rp":"Zona Sul","regiao_adm":"LAGOA"}},
{"type":"Feature","geometry":{"type":"Polygon","coordinates":[[[-43.4279,-22.9919],[-43.4284,-22.9907],[-43.4287,-22.989],[-43.4282,-22.9878],[-43.4277,-22.9851],[-43.4286,-22.985],[-43.4308,-22.9854],[-43.4317,-22.9861],[-43.4352,-22.9845],[-43.4357,-22.9846],[-43.4364,-22.9827],[-43.4386,-22.982],[-43.441,-22.982],[-43.441,-22.9813],[-43.4392,-22.9783],[-43.4381,-22.9758],[-43.438,-22.9745],[-43.4389,-22.9733],[-43.4386,-22.9714],[-43.4389,-22.9701],[-43.4405,-22.9686],[-43.4413,-22.9685],[-43.4426,-22.9673],[-43.4436,-22.967],[-43.4458,-22.9674],[-43.4467,-22.9662],[-43.4461,-22.9616],[-43.4453,-22.9598],[-43.4483,-22.9604],[-43.4515,-22.9608],[-43.4539,-22.961],[-43.455,-22.9623],[-43.4596,-22.9648],[-43.4608,-22.9666],[-43.4649,-22.9702],[-43.4667,-22.9712],[-43.4692,-22.9722],[-43.4714,-22.9739],[-43.4722,-22.9756],[-43.4753,-22.9779],[-43.4755,-22.979],[-43.4753,-22.9805],[-43.4764,-22.9814],[-43.4779,-22.9814],[-43.4802,-22.9823],[-43.4813,-22.9832],[-43.4838,-22.9844],[-43.4855,-22.985],[-43.4874,-22.9848],[-43.4909,-22.9883],[-43.4948,-22.9948],[-43.4952,-22.9961],[-43.4941,-22.9991],[-43.4884,-22.9985],[-43.4848,-22.9982],[-43.4835,-22.9977],[-43.4788,-22.9944],[-43.4777,-22.9934],[-43.4769,-22.9916],[-43.4762,-22.9911],[-43.4744,-22.9905],[-43.4726,-22.9896],[-43.4691,-22.9893],[-43.4618,-22.9939],[-43.4611,-22.9941],[-43.454,-22.9959],[-43.4529,-22.996],[-43.4501,-22.9949],[-43.4469,-22.994],[-43.4424,-22.9941],[-43.4406,-22.995],[-43.4379,-22.9951],[-43.4335,-22.9945],[-43.4319,-22.9941],[-43.4298,-22.9923],[-43.4279,-22.9919]]]},"properties":{"codbairro":"130","nome":"Vargem Pequena","rp":"Barra da Tijuca","regiao_adm":"BARRA DA TIJUCA"}},
{"type":"Feature","geometry":{"type":"Polygon","coordinates":[[[-43.1726,-22.9665],[-43.1737,-22.964],[-43.1733,-22.9635],[-43.1738,-22.9622],[-43.1722,-22.9615],[-43.1719,-22.959],[-43.1712,-22.9582],[-43.1696,-22.9573],[-43.1725,-22.9579],[-43.1732,-22.9588],[-43.1749,-22.9591],[-43.1764,-22.9597],[-43.1787,-22.9612],[-43.1819,-22.961],[-43.1833,-22.9615],[-43.1846,-22.9616],[-43.1855,-22.9621],[-43.1861,-22.9629],[-43.1879,-22.9633],[-43.1914,-22.9625],[-43.1937,-22.9613],[-43.1955,-22.9617],[-43.1973,-22.9628],[-43.197,-22.9666],[-43.1974,-22.9682],[-43.198,-22.9691],[-43.196,-22.9754],[-43.195,-22.9767],[-43.1954,-22.9771],[-43.1949,-22.9775],[-43.1956,-22.9788],[-43.1971,-22.9791],[-43.1975,-22.982],[-43.1951,-22.9836],[-43.1941,-22.9841],[-43.1917,-22.9873],[-43.1889,-22.9865],[-43.1884,-22.9879],[-43.187,-22.9869],[-43.1854,-22.9863],[-43.184,-22.9863],[-43.1842,-22.9855],[-43.1858,-22.9854],[-43.1875,-22.9858],[-43.1882,-22.9856],[-43.189,-22.9841],[-43.1891,-22.9828],[-43.1885,-22.9789],[-43.1854,-22.9749],[-43.1831,-22.9725],[-43.1802,-22.9703],[-43.1765,-22.9681],[-43.1726,-22.9665]]]},"properties":{"codbairro":"024","nome":"Copacabana","rp":"Zona Sul","regiao_adm":"COPACABANA"}},
{"type":"Feature","geometry":{"type":"MultiPolygon","coordinates":[[[[-43.1726,-22.9665],[-43.1677,-22.964],[-43.1665,-22.9635],[-43.165,-22.9633],[-43.1647,-22.9643],[-43.1635,-22.9652],[-43.1626,-22.9653],[-43.1606,-22.965],[-43.1594,-22.9643],[-43.1587,-22.9631],[-43.1588,-22.9626],[-43.1603,-22.9616],[-43.1618,-22.9616],[-43.1621,-22.96],[-43.1633,-22.9592],[-43.1659,-22.9591],[-43.1672,-22.9588],[-43.1696,-22.9573],[-43.1712,-22.9582],[-43.1719,-22.959],[-43.1722,-22.9615],[-43.1738,-22.9622],[-43.1733,-22.9635],[-43.1737,-22.964],[-43.1726,-22.9665]]],[[[-43.1474,-22.9617],[-43.1497,-22.9621],[-43.1509,-22.9634],[-43.1511,-22.9645],[-43.1495,-22.9651],[-43.1479,-22.9642],[-43.1471,-22.9623],[-43.1474,-22.9617]]]]},"properties":{"codbairro":"023","nome":"Leme","rp":"Zona Sul","regiao_adm":"COPACABANA"}},
{"type":"Feature","geometry":{"type":"Polygon","coordinates":[[[-43.1973,-22.9628],[-43.2005,-22.9619],[-43.2008,-22.9607],[-43.2026,-22.9603],[-43.2041,-22.9604],[-43.2144,-22.9617],[-43.2156,-22.9625],[-43.2183,-22.9653],[-43.2244,-22.9725],[-43.226,-22.9746],[-43.225,-22.9766],[-43.2246,-22.978],[-43.2198,-22.977],[-43.2193,-22.9765],[-43.2182,-22.9789],[-43.2169,-22.9797],[-43.215,-22.9805],[-43.2142,-22.9805],[-43.2072,-22.9809],[-43.2064,-22.9807],[-43.2008,-22.9792],[-43.198,-22.9782],[-43.1973,-22.9775],[-43.1963,-22.9776],[-43.1954,-22.9771],[-43.195,-22.9767],[-43.196,-22.9754],[-43.198,-22.9691],[-43.1974,-22.9682],[-43.197,-22.9666],[-43.1973,-22.9628]]]},"properties":{"codbairro":"027","nome":"Lagoa","rp":"Zona Sul","regiao_adm":"LAGOA"}},
{"type":"Feature","geometry":{"type":"Polygon","coordinates":[[[-43.2827,-22.988],[-43.2928,-22.9795],[-43.2938,-22.9799],[-43.2946,-22.9793],[-43.2963,-22.9791],[-43.2948,-22.9779],[-43.2936,-22.9764],[-43.2927,-22.9741],[-43.2944,-22.9753],[-43.2954,-22.9763],[-43.2964,-22.9739],[-43.2973,-22.974],[-43.2989,-22.9736],[-43.2998,-22.9738],[-43.3004,-22.9731],[-43.3013,-22.9733],[-43.3014,-22.9653],[-43.3028,-22.9657],[-43.3037,-22.9666],[-43.3047,-22.9695],[-43.3066,-22.97],[-43.3103,-22.9726],[-43.3119,-22.9736],[-43.3136,-22.9739],[-43.3163,-22.9734],[-43.3188,-22.9741],[-43.321,-22.9742],[-43.3227,-22.9739],[-43.3289,-22.9733],[-43.3311,-22.9754],[-43.3337,-22.9772],[-43.335,-22.9779],[-43.3365,-22.9779],[-43.3381,-22.9787],[-43.3398,-22.9799],[-43.3419,-22.9817],[-43.3412,-22.9837],[-43.3404,-22.9847],[-43.3394,-22.9847],[-43.3381,-22.9859],[-43.3378,-22.9871],[-43.3371,-22.9873],[-43.3343,-22.9876],[-43.3336,-22.9886],[-43.3343,-22.9897],[-43.3336,-22.9907],[-43.3321,-22.9905],[-43.3304,-22.9893],[-43.3296,-22.9894],[-43.3278,-22.9903],[-43.3259,-22.9901],[-43.3231,-22.9915],[-43.3219,-22.9926],[-43.3217,-22.995],[-43.3209,-22.9957],[-43.3209,-22.9969],[-43.32,-22.998],[-43.318,-22.9981],[-43.3143,-22.9994],[-43.3133,-22.9994],[-43.3107,-23.0007],[-43.309,-23.0009],[-43.3065,-23.0008],[-43.3058,-23.0013],[-43.3049,-23.0029],[-43.305,-23.0037],[-43.3044,-23.0057],[-43.3014,-23.0052],[-43.3001,-23.0033],[-43.2998,-23.0006],[-43.2955,-22.9977],[-43.2935,-22.9972],[-43.2891,-22.9971],[-43.2847,-22.9975],[-43.2847,-22.9966],[-43.2854,-22.9953],[-43.285,-22.9925],[-43.2843,-22.9901],[-43.2827,-22.988]]]},"properties":{"codbairro":"127","nome":"Itanhangá","rp":"Barra da Tijuca","regiao_adm":"BARRA DA TIJUCA"}},
{"type":"Feature","geometry":{"type":"Polygon","coordinates":[[[-43.2271,-22.9705],[-43.2285,-22.9704],[-43.2291,-22.9719],[-43.2304,-22.9723],[-43.2316,-22.9733],[-43.2323,-22.9745],[-43.2342,-22.9749],[-43.2368,-22.9745],[-43.2391,-22.9766],[-43.2386,-22.9769],[-43.2377,-22.9798],[-43.238,-22.9803],[-43.2418,-22.9792],[-43.2427,-22.9791],[-43.2439,-22.9753],[-43.2452,-22.9745],[-43.2464,-22.9748],[-43.2467,-22.9756],[-43.2489,-22.9767],[-43.2472,-22.9777],[-43.2469,-22.9788],[-43.2447,-22.9803],[-43.2435,-22.9808],[-43.2426,-22.9798],[-43.2415,-22.9809],[-43.2416,-22.982],[-43.2423,-22.9824],[-43.2436,-22.9817],[-43.248,-22.9802],[-43.2499,-22.979],[-43.2513,-22.9789],[-43.2528,-22.9792],[-43.2543,-22.9791],[-43.2579,-22.9796],[-43.2559,-22.9801],[-43.255,-22.9816],[-43.2543,-22.9834],[-43.2532,-22.9837],[-43.2515,-22.9836],[-43.2482,-22.9844],[-43.2466,-22.9854],[-43.2462,-22.985],[-43.2449,-22.9858],[-43.2424,-22.9856],[-43.2416,-22.9867],[-43.2406,-22.9866],[-43.2398,-22.9907],[-43.238,-22.9894],[-43.2375,-22.9885],[-43.237,-22.9853],[-43.2363,-22.9845],[-43.2345,-22.9837],[-43.2325,-22.9814],[-43.2314,-22.9805],[-43.2289,-22.9805],[-43.2279,-22.9795],[-43.2268,-22.9797],[-43.2268,-22.9778],[-43.2261,-22.9778],[-43.225,-22.9766],[-43.226,-22.9746],[-43.2244,-22.9725],[-43.2253,-22.9715],[-43.2271,-22.9705]]]},"properties":{"codbairro":"029","nome":"Gávea","rp":"Zona Sul","regiao_adm":"LAGOA"}},
{"type":"Feature","geometry":{"type":"MultiPolygon","coordinates":[[[[-43.3746,-22.9774],[-43.3758,-22.9761],[-43.3769,-22.9756],[-43.3776,-22.9749],[-43.3796,-22.974],[-43.3818,-22.9735],[-43.384,-22.9744],[-43.3864,-22.9766],[-43.3876,-22.9783],[-43.3904,-22.9801],[-43.3918,-22.9822],[-43.3927,-22.9834],[-43.3936,-22.9837],[-43.395,-22.983],[-43.3988,-22.9802],[-43.3998,-22.9788],[-43.4007,-22.9781],[-43.4018,-22.9764],[-43.403,-22.9754],[-43.4041,-22.9755],[-43.4055,-22.977],[-43.4061,-22.9786],[-43.4048,-22.9801],[-43.4048,-22.9812],[-43.4037,-22.9815],[-43.4038,-22.9825],[-43.4032,-22.9835],[-43.403,-22.9852],[-43.4041,-22.9853],[-43.4049,-22.9828],[-43.4048,-22.9818],[-43.4059,-22.9812],[-43.4096,-22.9828],[-43.4111,-22.9838],[-43.4116,-22.9852],[-43.4123,-22.9863],[-43.4146,-22.9872],[-43.4155,-22.9881],[-43.4172,-22.9889],[-43.419,-22.9903],[-43.4205,-22.9914],[-43.4213,-22.9928],[-43.4243,-22.9965],[-43.4251,-22.9972],[-43.4268,-22.9979],[-43.4319,-23.0023],[-43.4363,-23.0061],[-43.4361,-23.0068],[-43.4386,-23.0075],[-43.4389,-23.008],[-43.4495,-23.017],[-43.4502,-23.0177],[-43.4506,-23.019],[-43.4502,-23.0208],[-43.4487,-23.0217],[-43.4474,-23.022],[-43.4472,-23.0231],[-43.4427,-23.022],[-43.4373,-23.0208],[-43.4265,-23.019],[-43.4189,-23.0174],[-43.4132,-23.0166],[-43.4117,-23.0162],[-43.4061,-23.0155],[-43.3991,-23.0143],[-43.3957,-23.0139],[-43.3942,-23.0139],[-43.3863,-23.0132],[-43.3819,-23.0127],[-43.3746,-23.0121],[-43.373,-23.0118],[-43.3655,-23.0115],[-43.3637,-23.0115],[-43.3608,-23.0113],[-43.3558,-23.0112],[-43.351,-23.0113],[-43.3493,-23.011],[-43.3437,-23.0113],[-43.3414,-23.0111],[-43.335,-23.0116],[-43.3295,-23.012],[-43.3225,-23.013],[-43.3205,-23.0134],[-43.3163,-23.0144],[-43.3152,-23.0145],[-43.3123,-23.0155],[-43.309,-23.0163],[-43.306,-23.0163],[-43.3036,-23.0162],[-43.3012,-23.0158],[-43.2977,-23.0155],[-43.2972,-23.0164],[-43.296,-23.0142],[-43.2948,-23.0132],[-43.2927,-23.0125],[-43.2942,-23.0113],[-43.2957,-23.0112],[-43.2962,-23.0101],[-43.2924,-23.008],[-43.2928,-23.0054],[-43.2921,-23.0044],[-43.2901,-23.0037],[-43.2865,-23.0031],[-43.2848,-23.0012],[-43.2847,-22.9975],[-43.2891,-22.9971],[-43.2935,-22.9972],[-43.2955,-22.9977],[-43.2998,-23.0006],[-43.3001,-23.0033],[-43.3014,-23.0052],[-43.3044,-23.0057],[-43.305,-23.0037],[-43.3049,-23.0029],[-43.3058,-23.0013],[-43.3065,-23.0008],[-43.309,-23.0009],[-43.3107,-23.0007],[-43.3133,-22.9994],[-43.3143,-22.9994],[-43.318,-22.9981],[-43.32,-22.998],[-43.3209,-22.9969],[-43.3209,-22.9957],[-43.3217,-22.995],[-43.3219,-22.9926],[-43.3231,-22.9915],[-43.3259,-22.9901],[-43.3278,-22.9903],[-43.3296,-22.9894],[-43.3304,-22.9893],[-43.3321,-22.9905],[-43.3336,-22.9907],[-43.3343,-22.9897],[-43.3336,-22.9886],[-43.3343,-22.9876],[-43.3371,-22.9873],[-43.3378,-22.9871],[-43.3381,-22.9859],[-43.3394,-22.9847],[-43.3404,-22.9847],[-43.3412,-22.9837],[-43.3419,-22.9817],[-43.3428,-22.9814],[-43.3451,-22.9817],[-43.3461,-22.9802],[-43.3477,-22.9787],[-43.3505,-22.9786],[-43.3531,-22.9788],[-43.3554,-22.9784],[-43.3562,-22.9767],[-43.3579,-22.9755],[-43.3608,-22.9755],[-43.3624,-22.9758],[-43.3652,-22.976],[-43.3668,-22.9756],[-43.3671,-22.9761],[-43.3694,-22.9756],[-43.3711,-22.9759],[-43.373,-22.9766],[-43.3739,-22.9774],[-43.3745,-22.9774],[-43.3746,-22.9774]]],[[[-43.2988,-23.0313],[-43.2996,-23.0312],[-43.3008,-23.032],[-43.3014,-23.0333],[-43.2993,-23.0342],[-43.2992,-23.0324],[-43.2988,-23.0313]]],[[[-43.304,-23.0367],[-43.305,-23.0372],[-43.3066,-23.0373],[-43.308,-23.0385],[-43.3075,-23.0389],[-43.3063,-23.0388],[-43.3053,-23.0381],[-43.3028,-23.0385],[-43.3026,-23.038],[-43.3034,-23.0367],[-43.304,-23.0367]]]]},"properties":{"codbairro":"128","nome":"Barra da Tijuca","rp":"Barra da Tijuca","regiao_adm":"BARRA DA TIJUCA"}},
{"type":"Feature","geometry":{"type":"Polygon","coordinates":[[[-43.2142,-22.9805],[-43.215,-22.9805],[-43.2169,-22.9797],[-43.2182,-22.9789],[-43.2193,-22.9765],[-43.2198,-22.977],[-43.2246,-22.978],[-43.225,-22.9766],[-43.2261,-22.9778],[-43.2268,-22.9778],[-43.2268,-22.9797],[-43.2279,-22.9795],[-43.2289,-22.9805],[-43.2314,-22.9805],[-43.2325,-22.9814],[-43.2345,-22.9837],[-43.2363,-22.9845],[-43.237,-22.9853],[-43.2375,-22.9885],[-43.238,-22.9894],[-43.2369,-22.9895],[-43.2343,-22.9889],[-43.2336,-22.9884],[-43.2314,-22.9883],[-43.2309,-22.9891],[-43.2296,-22.9896],[-43.2282,-22.9894],[-43.227,-22.9896],[-43.2269,-22.989],[-43.2242,-22.9883],[-43.2205,-22.9876],[-43.2154,-22.9871],[-43.2155,-22.9842],[-43.2142,-22.9805]]]},"properties":{"codbairro":"026","nome":"Leblon","rp":"Zona Sul","regiao_adm":"LAGOA"}},
{"type":"Feature","geometry":{"type":"MultiPolygon","coordinates":[[[[-43.1884,-22.9879],[-43.1889,-22.9865],[-43.1917,-22.9873],[-43.1941,-22.9841],[-43.1951,-22.9836],[-43.1975,-22.982],[-43.1971,-22.9791],[-43.1956,-22.9788],[-43.1949,-22.9775],[-43.1954,-22.9771],[-43.1963,-22.9776],[-43.1973,-22.9775],[-43.198,-22.9782],[-43.2008,-22.9792],[-43.2064,-22.9807],[-43.2072,-22.9809],[-43.2142,-22.9805],[-43.2155,-22.9842],[-43.2154,-22.9871],[-43.2098,-22.9872],[-43.2083,-22.9871],[-43.2045,-22.9872],[-43.2026,-22.9874],[-43.1988,-22.9876],[-43.1932,-22.9885],[-43.1915,-22.9894],[-43.1919,-22.9906],[-43.1906,-22.9909],[-43.1906,-22.9898],[-43.1901,-22.9889],[-43.1884,-22.9879]]],[[[-43.1905,-23.0717],[-43.1903,-23.0711],[-43.1906,-23.0692],[-43.1922,-23.0669],[-43.1941,-23.0665],[-43.1967,-23.0674],[-43.1978,-23.0683],[-43.1985,-23.0697],[-43.1985,-23.0709],[-43.1964,-23.0722],[-43.195,-23.0722],[-43.1937,-23.0732],[-43.192,-23.0735],[-43.1916,-23.0723],[-43.1905,-23.0717]]],[[[-43.1414,-23.0646],[-43.1418,-23.0632],[-43.1466,-23.0594],[-43.1473,-23.0587],[-43.1493,-23.0585],[-43.1496,-23.0592],[-43.1482,-23.06],[-43.1473,-23.0621],[-43.1475,-23.0632],[-43.1458,-23.0653],[-43.1446,-23.0649],[-43.1417,-23.0654],[-43.1414,-23.0646]]],[[[-43.197,-23.0351],[-43.1979,-23.0346],[-43.1999,-23.0358],[-43.2011,-23.0369],[-43.2022,-23.037],[-43.2047,-23.038],[-43.2067,-23.0379],[-43.2081,-23.0383],[-43.2087,-23.0401],[-43.2084,-23.0403],[-43.2062,-23.0403],[-43.2036,-23.0387],[-43.2034,-23.0382],[-43.2006,-23.0378],[-43.1989,-23.0369],[-43.197,-23.0351]]],[[[-43.2015,-23.026],[-43.203,-23.0256],[-43.2062,-23.0259],[-43.2065,-23.0267],[-43.2058,-23.0272],[-43.2023,-23.0276],[-43.2009,-23.0269],[-43.2015,-23.026]]],[[[-43.1907,-23.027],[-43.1911,-23.0256],[-43.1925,-23.0255],[-43.1951,-23.0268],[-43.1948,-23.0277],[-43.1936,-23.0275],[-43.1923,-23.0278],[-43.1907,-23.027]]],[[[-43.1975,-23.074],[-43.1976,-23.0732],[-43.1987,-23.0723],[-43.2,-23.0729],[-43.199,-23.0738],[-43.1975,-23.074]]],[[[-43.1829,-23.0226],[-43.1824,-23.0223],[-43.1826,-23.021],[-43.1838,-23.0211],[-43.1834,-23.0225],[-43.1829,-23.0226]]],[[[-43.1822,-23.0241],[-43.1816,-23.0233],[-43.182,-23.0227],[-43.1832,-23.0232],[-43.1822,-23.0241]]]]},"properties":{"codbairro":"025","nome":"Ipanema","rp":"Zona Sul","regiao_adm":"LAGOA"}},
{"type":"Feature","geometry":{"type":"MultiPolygon","coordinates":[[[[-43.2543,-22.9834],[-43.255,-22.9816],[-43.2559,-22.9801],[-43.2579,-22.9796],[-43.2598,-22.9805],[-43.2622,-22.9813],[-43.2638,-22.9821],[-43.2663,-22.9825],[-43.273,-22.9818],[-43.2743,-22.9822],[-43.2765,-22.9823],[-43.2787,-22.9819],[-43.279,-22.9836],[-43.2817,-22.9859],[-43.2827,-22.988],[-43.2843,-22.9901],[-43.285,-22.9925],[-43.2854,-22.9953],[-43.2847,-22.9966],[-43.2847,-22.9975],[-43.2848,-23.0012],[-43.2757,-23.0011],[-43.2762,-23.0028],[-43.2756,-23.0033],[-43.2744,-23.0025],[-43.2731,-23.002],[-43.268,-23.0008],[-43.2627,-22.9997],[-43.259,-22.9993],[-43.2571,-22.9995],[-43.2551,-22.999],[-43.2529,-22.9988],[-43.2502,-22.9996],[-43.25,-22.9994],[-43.2496,-22.9975],[-43.251,-22.9975],[-43.2503,-22.9958],[-43.2526,-22.993],[-43.2515,-22.9926],[-43.2494,-22.9927],[-43.2496,-22.9921],[-43.2516,-22.9922],[-43.2523,-22.9908],[-43.2535,-22.9907],[-43.2547,-22.9899],[-43.2568,-22.9891],[-43.257,-22.9877],[-43.2558,-22.9846],[-43.2543,-22.9834]]],[[[-43.2754,-23.0296],[-43.276,-23.0293],[-43.2777,-23.0297],[-43.2767,-23.0307],[-43.2753,-23.0301],[-43.2754,-23.0296]]]]},"properties":{"codbairro":"031","nome":"São Conrado","rp":"Zona Sul","regiao_adm":"LAGOA"}},
{"type":"Feature","geometry":{"type":"Polygon","coordinates":[[[-43.2398,-22.9907],[-43.2406,-22.9866],[-43.2416,-22.9867],[-43.2424,-22.9856],[-43.2449,-22.9858],[-43.2462,-22.985],[-43.2466,-22.9854],[-43.2482,-22.9844],[-43.2515,-22.9836],[-43.2532,-22.9837],[-43.2543,-22.9834],[-43.2558,-22.9846],[-43.257,-22.9877],[-43.2568,-22.9891],[-43.2547,-22.9899],[-43.2535,-22.9907],[-43.2523,-22.9908],[-43.2516,-22.9922],[-43.2496,-22.9921],[-43.2494,-22.9927],[-43.2515,-22.9926],[-43.2526,-22.993],[-43.2503,-22.9958],[-43.248,-22.9951],[-43.2443,-22.9933],[-43.244,-22.9919],[-43.2415,-22.9909],[-43.2398,-22.9907]]]},"properties":{"codbairro":"154","nome":"Rocinha","rp":"Zona Sul","regiao_adm":"ROCINHA"}},
{"type":"Feature","geometry":{"type":"Polygon","coordinates":[[[-43.6302,-23.0087],[-43.6291,-23.0078],[-43.6282,-23.0052],[-43.6275,-23.0016],[-43.6267,-22.9983],[-43.6266,-22.9964],[-43.6284,-22.9933],[-43.6288,-22.9928],[-43.6293,-22.9888],[-43.6319,-22.9897],[-43.636,-22.9907],[-43.6381,-22.9901],[-43.6402,-22.9902],[-43.6414,-22.9908],[-43.642,-22.9918],[-43.6431,-22.9923],[-43.6443,-22.9922],[-43.6476,-22.9927],[-43.6503,-22.9935],[-43.6502,-22.9962],[-43.6505,-22.9975],[-43.6529,-23.0009],[-43.6533,-23.0024],[-43.6519,-23.0025],[-43.6495,-23.0022],[-43.6484,-23.0012],[-43.6462,-23.0023],[-43.6441,-23.0018],[-43.6428,-23.0022],[-43.6417,-23.0031],[-43.6405,-23.0048],[-43.6387,-23.0063],[-43.6371,-23.0057],[-43.6355,-23.006],[-43.6337,-23.0072],[-43.6302,-23.0087]]]},"properties":{"codbairro":"153","nome":"Pedra de Guaratiba","rp":"Guaratiba","regiao_adm":"GUARATIBA"}},
{"type":"Feature","geometry":{"type":"Polygon","coordinates":[[[-43.4279,-22.9919],[-43.4298,-22.9923],[-43.4319,-22.9941],[-43.4335,-22.9945],[-43.4379,-22.9951],[-43.4406,-22.995],[-43.4424,-22.9941],[-43.4469,-22.994],[-43.4501,-22.9949],[-43.4529,-22.996],[-43.454,-22.9959],[-43.4611,-22.9941],[-43.4618,-22.9939],[-43.4691,-22.9893],[-43.4726,-22.9896],[-43.4744,-22.9905],[-43.4762,-22.9911],[-43.4769,-22.9916],[-43.4777,-22.9934],[-43.4788,-22.9944],[-43.4835,-22.9977],[-43.4848,-22.9982],[-43.4884,-22.9985],[-43.4941,-22.9991],[-43.4939,-23.0008],[-43.4934,-23.0098],[-43.4933,-23.0156],[-43.493,-23.0209],[-43.4957,-23.0211],[-43.4981,-23.021],[-43.5004,-23.0206],[-43.5034,-23.0198],[-43.5179,-23.0157],[-43.5197,-23.0146],[-43.5197,-23.0128],[-43.5188,-23.0111],[-43.5205,-23.0111],[-43.5216,-23.01],[-43.5217,-23.0082],[-43.5221,-23.0078],[-43.524,-23.0092],[-43.5244,-23.0101],[-43.5268,-23.0113],[-43.5276,-23.0128],[-43.5283,-23.0156],[-43.5304,-23.017],[-43.531,-23.0192],[-43.5322,-23.0208],[-43.5322,-23.023],[-43.5338,-23.0249],[-43.5354,-23.0261],[-43.5371,-23.0278],[-43.5387,-23.0286],[-43.5392,-23.0295],[-43.5395,-23.0323],[-43.5419,-23.0334],[-43.5426,-23.034],[-43.5432,-23.0361],[-43.5432,-23.0387],[-43.5403,-23.0377],[-43.5385,-23.0361],[-43.5366,-23.0351],[-43.5351,-23.0346],[-43.5328,-23.0342],[-43.5303,-23.0334],[-43.5274,-23.0334],[-43.5258,-23.0343],[-43.5218,-23.0343],[-43.5208,-23.0338],[-43.5168,-23.034],[-43.5127,-23.0344],[-43.512,-23.0348],[-43.5088,-23.033],[-43.5072,-23.0332],[-43.5051,-23.033],[-43.5022,-23.034],[-43.5026,-23.0372],[-43.5011,-23.0396],[-43.501,-23.0408],[-43.5004,-23.0411],[-43.4995,-23.0399],[-43.4988,-23.0376],[-43.4976,-23.0378],[-43.4957,-23.0372],[-43.4946,-23.0361],[-43.491,-23.035],[-43.4893,-23.0347],[-43.487,-23.0339],[-43.482,-23.0327],[-43.4763,-23.0316],[-43.4742,-23.0317],[-43.472,-23.0324],[-43.4707,-23.0335],[-43.4709,-23.0346],[-43.4722,-23.0358],[-43.4722,-23.0364],[-43.4707,-23.0379],[-43.4684,-23.038],[-43.4676,-23.0372],[-43.4679,-23.036],[-43.469,-23.0342],[-43.4702,-23.0338],[-43.4698,-23.0324],[-43.469,-23.0315],[-43.4673,-23.03],[-43.465,-23.0288],[-43.4613,-23.0274],[-43.4557,-23.0256],[-43.453,-23.0247],[-43.4514,-23.0244],[-43.4472,-23.0231],[-43.4474,-23.022],[-43.4487,-23.0217],[-43.4502,-23.0208],[-43.4506,-23.019],[-43.4502,-23.0177],[-43.4495,-23.017],[-43.4389,-23.008],[-43.4386,-23.0075],[-43.4361,-23.0068],[-43.4363,-23.0061],[-43.4319,-23.0023],[-43.4268,-22.9979],[-43.4251,-22.9972],[-43.4243,-22.9965],[-43.4213,-22.9928],[-43.4205,-22.9914],[-43.4209,-22.991],[-43.4262,-22.9922],[-43.4279,-22.9919]]]},"properties":{"codbairro":"132","nome":"Recreio dos Bandeirantes","rp":"Barra da Tijuca","regiao_adm":"BARRA DA TIJUCA"}},
{"type":"Feature","geometry":{"type":"Polygon","coordinates":[[[-43.227,-22.9896],[-43.2282,-22.9894],[-43.2296,-22.9896],[-43.2309,-22.9891],[-43.2314,-22.9883],[-43.2336,-22.9884],[-43.2343,-22.9889],[-43.2369,-22.9895],[-43.238,-22.9894],[-43.2398,-22.9907],[-43.2415,-22.9909],[-43.244,-22.9919],[-43.2443,-22.9933],[-43.248,-22.9951],[-43.2503,-22.9958],[-43.251,-22.9975],[-43.2496,-22.9975],[-43.25,-22.9994],[-43.2481,-22.9997],[-43.2468,-23.0008],[-43.2453,-23.0012],[-43.2436,-23.0011],[-43.2426,-23.0005],[-43.2408,-23.0004],[-43.24,-22.9998],[-43.2398,-22.9987],[-43.2353,-22.9968],[-43.2339,-22.996],[-43.2341,-22.9954],[-43.2317,-22.9951],[-43.233,-22.9939],[-43.233,-22.993],[-43.2323,-22.992],[-43.2309,-22.9908],[-43.2297,-22.9913],[-43.227,-22.9902],[-43.227,-22.9896]]]},"properties":{"codbairro":"030","nome":"Vidigal","rp":"Zona Sul","regiao_adm":"LAGOA"}},
{"type":"Feature","geometry":{"type":"Polygon","coordinates":[[[-43.2756,-23.0033],[-43.2762,-23.0028],[-43.2757,-23.0011],[-43.2848,-23.0012],[-43.2865,-23.0031],[-43.2901,-23.0037],[-43.2921,-23.0044],[-43.2928,-23.0054],[-43.2924,-23.008],[-43.2962,-23.0101],[-43.2957,-23.0112],[-43.2942,-23.0113],[-43.2927,-23.0125],[-43.2948,-23.0132],[-43.296,-23.0142],[-43.2972,-23.0164],[-43.2961,-23.0169],[-43.2943,-23.017],[-43.2935,-23.0167],[-43.2923,-23.0151],[-43.2904,-23.0151],[-43.2895,-23.0147],[-43.289,-23.0153],[-43.2874,-23.0148],[-43.2865,-23.0165],[-43.2856,-23.015],[-43.2862,-23.0146],[-43.2869,-23.0131],[-43.2873,-23.0109],[-43.287,-23.01],[-43.2861,-23.0089],[-43.2826,-23.0072],[-43.2816,-23.0062],[-43.2804,-23.0061],[-43.2797,-23.0056],[-43.2784,-23.0055],[-43.2777,-23.0059],[-43.2757,-23.0043],[-43.2756,-23.0033]]]},"properties":{"codbairro":"126","nome":"Joá","rp":"Barra da Tijuca","regiao_adm":"BARRA DA TIJUCA"}},
{"type":"Feature","geometry":{"type":"MultiPolygon","coordinates":[[[[-43.5221,-23.0078],[-43.5241,-23.0082],[-43.5253,-23.0087],[-43.527,-23.0081],[-43.5301,-23.0092],[-43.5309,-23.0102],[-43.5304,-23.0118],[-43.5311,-23.0128],[-43.535,-23.0136],[-43.5364,-23.0136],[-43.5391,-23.0133],[-43.5401,-23.013],[-43.5416,-23.0118],[-43.5436,-23.0161],[-43.5446,-23.0192],[-43.5465,-23.021],[-43.5466,-23.022],[-43.5476,-23.0233],[-43.5499,-23.0247],[-43.5552,-23.0248],[-43.5575,-23.0244],[-43.5586,-23.0238],[-43.5599,-23.0238],[-43.5616,-23.0251],[-43.5637,-23.0261],[-43.5638,-23.0268],[-43.5628,-23.028],[-43.5628,-23.0287],[-43.5641,-23.0313],[-43.5637,-23.0328],[-43.5621,-23.0346],[-43.5579,-23.0407],[-43.5541,-23.0443],[-43.5529,-23.0466],[-43.5526,-23.0483],[-43.5529,-23.0504],[-43.5535,-23.0515],[-43.5554,-23.0527],[-43.5562,-23.0537],[-43.5589,-23.056],[-43.5598,-23.0565],[-43.5613,-23.0579],[-43.564,-23.0612],[-43.5657,-23.0621],[-43.5663,-23.0634],[-43.568,-23.0645],[-43.5688,-23.0661],[-43.5676,-23.0687],[-43.5674,-23.0696],[-43.5677,-23.0717],[-43.5695,-23.0721],[-43.5705,-23.0721],[-43.5722,-23.0728],[-43.5714,-23.0736],[-43.5697,-23.0739],[-43.5693,-23.0742],[-43.5668,-23.0735],[-43.5664,-23.0751],[-43.563,-23.0757],[-43.5607,-23.0742],[-43.5588,-23.0739],[-43.5565,-23.0738],[-43.5554,-23.0732],[-43.5544,-23.0732],[-43.5543,-23.074],[-43.5534,-23.0746],[-43.5538,-23.0757],[-43.5524,-23.0748],[-43.552,-23.0735],[-43.5533,-23.0727],[-43.5556,-23.07],[-43.5571,-23.0697],[-43.5585,-23.0687],[-43.5586,-23.0678],[-43.5578,-23.0669],[-43.5568,-23.0621],[-43.5565,-23.0604],[-43.5555,-23.0592],[-43.5535,-23.0587],[-43.5524,-23.0579],[-43.5515,-23.056],[-43.5501,-23.0546],[-43.5491,-23.0523],[-43.5498,-23.0502],[-43.5488,-23.0487],[-43.5474,-23.0473],[-43.5478,-23.0454],[-43.5486,-23.0439],[-43.5478,-23.0418],[-43.5432,-23.0387],[-43.5432,-23.0361],[-43.5426,-23.034],[-43.5419,-23.0334],[-43.5395,-23.0323],[-43.5392,-23.0295],[-43.5387,-23.0286],[-43.5371,-23.0278],[-43.5354,-23.0261],[-43.5338,-23.0249],[-43.5322,-23.023],[-43.5322,-23.0208],[-43.531,-23.0192],[-43.5304,-23.017],[-43.5283,-23.0156],[-43.5276,-23.0128],[-43.5268,-23.0113],[-43.5244,-23.0101],[-43.524,-23.0092],[-43.5221,-23.0078]]],[[[-43.5592,-23.0807],[-43.5617,-23.0789],[-43.5629,-23.081],[-43.5639,-23.0815],[-43.5618,-23.0827],[-43.5616,-23.0816],[-43.5608,-23.081],[-43.5596,-23.0813],[-43.5592,-23.0807]]]]},"properties":{"codbairro":"152","nome":"Barra de Guaratiba","rp":"Guaratiba","regiao_adm":"GUARATIBA"}},
{"type":"Feature","geometry":{"type":"MultiPolygon","coordinates":[[[[-43.501,-23.0408],[-43.5011,-23.0396],[-43.5026,-23.0372],[-43.5022,-23.034],[-43.5051,-23.033],[-43.5072,-23.0332],[-43.5088,-23.033],[-43.512,-23.0348],[-43.5127,-23.0344],[-43.5168,-23.034],[-43.5208,-23.0338],[-43.5218,-23.0343],[-43.5258,-23.0343],[-43.5274,-23.0334],[-43.5303,-23.0334],[-43.5328,-23.0342],[-43.5351,-23.0346],[-43.5366,-23.0351],[-43.5385,-23.0361],[-43.5403,-23.0377],[-43.5432,-23.0387],[-43.5478,-23.0418],[-43.5486,-23.0439],[-43.5478,-23.0454],[-43.5474,-23.0473],[-43.5488,-23.0487],[-43.5498,-23.0502],[-43.5491,-23.0523],[-43.5501,-23.0546],[-43.5515,-23.056],[-43.5524,-23.0579],[-43.5535,-23.0587],[-43.5555,-23.0592],[-43.5565,-23.0604],[-43.5568,-23.0621],[-43.5578,-23.0669],[-43.5586,-23.0678],[-43.5585,-23.0687],[-43.5571,-23.0697],[-43.5556,-23.07],[-43.5533,-23.0727],[-43.552,-23.0735],[-43.5524,-23.0748],[-43.5538,-23.0757],[-43.5531,-23.0763],[-43.5522,-23.0758],[-43.551,-23.0744],[-43.5491,-23.0729],[-43.5521,-23.072],[-43.5526,-23.0711],[-43.5525,-23.0701],[-43.5517,-23.0689],[-43.5515,-23.0672],[-43.5501,-23.0656],[-43.5481,-23.065],[-43.5483,-23.0639],[-43.5496,-23.0633],[-43.5496,-23.0627],[-43.5484,-23.0611],[-43.5473,-23.0603],[-43.5451,-23.0591],[-43.5434,-23.0595],[-43.5421,-23.0591],[-43.542,-23.0583],[-43.5399,-23.0565],[-43.5377,-23.0563],[-43.5362,-23.0556],[-43.5352,-23.054],[-43.5351,-23.0533],[-43.5359,-23.0514],[-43.5348,-23.0505],[-43.532,-23.0496],[-43.5277,-23.0492],[-43.5234,-23.0485],[-43.519,-23.0483],[-43.5132,-23.0483],[-43.511,-23.0479],[-43.5104,-23.0481],[-43.5083,-23.0475],[-43.5071,-23.0462],[-43.5068,-23.0451],[-43.5075,-23.043],[-43.5062,-23.0415],[-43.5031,-23.0401],[-43.501,-23.0408]]],[[[-43.5113,-23.0614],[-43.5121,-23.0615],[-43.5136,-23.0627],[-43.5127,-23.0636],[-43.5143,-23.0647],[-43.5138,-23.0658],[-43.5126,-23.066],[-43.5089,-23.0656],[-43.508,-23.0645],[-43.5092,-23.0633],[-43.5108,-23.0631],[-43.5113,-23.0626],[-43.5113,-23.0614]]],[[[-43.5082,-23.0526],[-43.509,-23.0527],[-43.5096,-23.0536],[-43.5092,-23.0542],[-43.5078,-23.0535],[-43.5082,-23.0526]]]]},"properties":{"codbairro":"133","nome":"Grumari","rp":"Barra da Tijuca","regiao_adm":"BARRA DA TIJUCA"}},
{"type":"Feature","geometry":{"type":"MultiPolygon","coordinates":[[[[-43.2252,-22.8746],[-43.2263,-22.8742],[-43.2259,-22.8735],[-43.226,-22.8715],[-43.2257,-22.8709],[-43.2264,-22.869],[-43.2297,-22.868],[-43.2309,-22.868],[-43.2329,-22.8691],[-43.2345,-22.8727],[-43.2354,-22.8754],[-43.2393,-22.8799],[-43.2382,-22.8814],[-43.2341,-22.886],[-43.2337,-22.8866],[-43.2326,-22.8871],[-43.232,-22.8862],[-43.2306,-22.8869],[-43.2283,-22.8852],[-43.2277,-22.885],[-43.2259,-22.8855],[-43.2231,-22.8882],[-43.2219,-22.8888],[-43.2193,-22.8889],[-43.2179,-22.8885],[-43.2148,-22.895],[-43.2106,-22.899],[-43.2103,-22.8989],[-43.2103,-22.8977],[-43.2108,-22.8976],[-43.216,-22.8867],[-43.2158,-22.8861],[-43.2102,-22.8801],[-43.2097,-22.8804],[-43.2024,-22.8726],[-43.2044,-22.8744],[-43.205,-22.8733],[-43.2044,-22.8721],[-43.2046,-22.8713],[-43.2099,-22.867],[-43.2114,-22.8684],[-43.2124,-22.87],[-43.2138,-22.8712],[-43.2125,-22.8724],[-43.2126,-22.8731],[-43.2145,-22.8729],[-43.2165,-22.8736],[-43.2171,-22.8758],[-43.2189,-22.8749],[-43.2182,-22.8732],[-43.2187,-22.8721],[-43.2212,-22.8729],[-43.2208,-22.8741],[-43.2215,-22.8743],[-43.2222,-22.8731],[-43.2241,-22.8736],[-43.2237,-22.8745],[-43.2247,-22.875],[-43.2252,-22.8746]]],[[[-43.2075,-22.889],[-43.208,-22.8866],[-43.2085,-22.8861],[-43.2104,-22.8864],[-43.2102,-22.8875],[-43.2086,-22.8897],[-43.2075,-22.889]]]]},"properties":{"codbairro":"004","nome":"Caju","rp":"Centro","regiao_adm":"PORTUARIA"}},
{"type":"Feature","geometry":{"type":"Polygon","coordinates":[[[-43.3791,-22.8502],[-43.3796,-22.8483],[-43.3799,-22.8462],[-43.3826,-22.8376],[-43.3811,-22.8368],[-43.3822,-22.8363],[-43.3848,-22.837],[-43.387,-22.8365],[-43.3911,-22.8378],[-43.3949,-22.8392],[-43.3959,-22.8402],[-43.3982,-22.8401],[-43.3982,-22.8418],[-43.3968,-22.8441],[-43.3964,-22.8454],[-43.397,-22.8455],[-43.396,-22.8486],[-43.3953,-22.8501],[-43.3933,-22.8522],[-43.3915,-22.8532],[-43.3906,-22.8569],[-43.3902,-22.8566],[-43.3876,-22.8585],[-43.3882,-22.8593],[-43.3916,-22.861],[-43.3917,-22.8645],[-43.3836,-22.8674],[-43.3816,-22.8674],[-43.3783,-22.8666],[-43.3783,-22.8655],[-43.375,-22.8596],[-43.3748,-22.8592],[-43.3773,-22.8581],[-43.3798,-22.8585],[-43.3842,-22.8566],[-43.3849,-22.8552],[-43.3829,-22.8559],[-43.3826,-22.8551],[-43.3813,-22.8551],[-43.3777,-22.854],[-43.3791,-22.8502]]]},"properties":{"codbairro":"134","nome":"Deodoro","rp":"Bangu","regiao_adm":"REALENGO"}},
{"type":"Feature","geometry":{"type":"Polygon","coordinates":[[[-43.1756,-22.9139],[-43.1764,-22.9125],[-43.1777,-22.9137],[-43.1789,-22.9133],[-43.1792,-22.9124],[-43.1801,-22.9128],[-43.1824,-22.9119],[-43.1831,-22.9102],[-43.1867,-22.9115],[-43.1861,-22.9131],[-43.1844,-22.9128],[-43.1839,-22.9145],[-43.1831,-22.9144],[-43.1802,-22.9135],[-43.1787,-22.916],[-43.1782,-22.9161],[-43.1777,-22.9178],[-43.1772,-22.9179],[-43.1774,-22.9167],[-43.1768,-22.9166],[-43.1764,-22.9141],[-43.1756,-22.9139]]]},"properties":{"codbairro":"161","nome":"Lapa","rp":"Centro","regiao_adm":"CENTRO"}},
{"type":"Feature","geometry":{"type":"Polygon","coordinates":[[[-43.5146,-22.8605],[-43.5152,-22.8523],[-43.5204,-22.8465],[-43.5191,-22.8455],[-43.5184,-22.8446],[-43.5197,-22.8434],[-43.5203,-22.8421],[-43.5208,-22.8399],[-43.5233,-22.8372],[-43.5247,-22.8363],[-43.5248,-22.8354],[-43.5258,-22.834],[-43.5271,-22.8311],[-43.5272,-22.8297],[-43.5269,-22.8273],[-43.5251,-22.8245],[-43.5235,-22.8239],[-43.56,-22.829],[-43.5881,-22.8387],[-43.5928,-22.8606],[-43.5952,-22.8583],[-43.597,-22.8578],[-43.6025,-22.859],[-43.6136,-22.8612],[-43.6191,-22.8622],[-43.623,-22.8628],[-43.625,-22.8624],[-43.6177,-22.8717],[-43.6159,-22.8741],[-43.6125,-22.8761],[-43.6169,-22.8782],[-43.6191,-22.879],[-43.6232,-22.8798],[-43.6322,-22.8811],[-43.6293,-22.8831],[-43.6269,-22.8834],[-43.6254,-22.8831],[-43.6234,-22.8835],[-43.6223,-22.8846],[-43.6192,-22.8852],[-43.6184,-22.8855],[-43.6177,-22.8861],[-43.615,-22.8857],[-43.6125,-22.8858],[-43.6088,-22.885],[-43.604,-22.8864],[-43.6022,-22.8862],[-43.5996,-22.8868],[-43.5982,-22.8879],[-43.5969,-22.8884],[-43.5956,-22.8897],[-43.595,-22.8903],[-43.5915,-22.8902],[-43.5901,-22.8926],[-43.5906,-22.8949],[-43.5904,-22.8959],[-43.589,-22.8976],[-43.5879,-22.8971],[-43.5859,-22.8968],[-43.585,-22.8969],[-43.5837,-22.8982],[-43.5815,-22.8991],[-43.5784,-22.8992],[-43.5776,-22.8994],[-43.5781,-22.9057],[-43.5804,-22.9062],[-43.5805,-22.9081],[-43.5803,-22.9093],[-43.5833,-22.9104],[-43.5835,-22.9124],[-43.5819,-22.9125],[-43.5817,-22.9148],[-43.5837,-22.9147],[-43.584,-22.9162],[-43.5815,-22.9165],[-43.5818,-22.919],[-43.5832,-22.9197],[-43.5849,-22.9197],[-43.5877,-22.9218],[-43.5883,-22.9228],[-43.5893,-22.9234],[-43.5922,-22.9237],[-43.5917,-22.9242],[-43.5916,-22.9252],[-43.5928,-22.9263],[-43.5952,-22.9273],[-43.5967,-22.9276],[-43.5974,-22.9284],[-43.5995,-22.9294],[-43.6,-22.9318],[-43.6006,-22.9325],[-43.6032,-22.934],[-43.6038,-22.934],[-43.5981,-22.9353],[-43.5925,-22.9356],[-43.5893,-22.9344],[-43.5877,-22.9334],[-43.5871,-22.9333],[-43.5865,-22.9323],[-43.5819,-22.9323],[-43.5802,-22.9318],[-43.5785,-22.9316],[-43.5779,-22.9319],[-43.5782,-22.935],[-43.5773,-22.9445],[-43.5767,-22.9458],[-43.5772,-22.9467],[-43.5767,-22.9473],[-43.5748,-22.9467],[-43.5727,-22.9464],[-43.571,-22.9454],[-43.5693,-22.9417],[-43.5685,-22.9409],[-43.568,-22.9396],[-43.5617,-22.9416],[-43.5621,-22.9428],[-43.5616,-22.9438],[-43.5613,-22.9471],[-43.5618,-22.9496],[-43.561,-22.9501],[-43.5585,-22.9496],[-43.5557,-22.9498],[-43.5551,-22.9501],[-43.55,-22.9487],[-43.5471,-22.9473],[-43.5456,-22.9464],[-43.542,-22.9439],[-43.5386,-22.9423],[-43.5356,-22.9436],[-43.5314,-22.9459],[-43.5175,-22.9527],[-43.5171,-22.9524],[-43.5143,-22.9525],[-43.512,-22.9522],[-43.5106,-22.9509],[-43.5085,-22.9504],[-43.5065,-22.9497],[-43.5056,-22.9485],[-43.5046,-22.9462],[-43.5029,-22.9436],[-43.5012,-22.9427],[-43.4994,-22.9423],[-43.497,-22.9421],[-43.495,-22.9413],[-43.4936,-22.9402],[-43.493,-22.939],[-43.4902,-22.9382],[-43.4875,-22.9371],[-43.4845,-22.9362],[-43.4839,-22.9358],[-43.4829,-22.9343],[-43.4807,-22.9348],[-43.4793,-22.9345],[-43.4763,-22.9329],[-43.4745,-22.9327],[-43.4729,-22.9318],[-43.4743,-22.931],[-43.4798,-22.9273],[-43.4829,-22.9256],[-43.4845,-22.9256],[-43.4863,-22.9267],[-43.4876,-22.927],[-43.4888,-22.9267],[-43.4905,-22.9253],[-43.4911,-22.9243],[-43.4953,-22.9229],[-43.4956,-22.9205],[-43.4965,-22.9192],[-43.4966,-22.9172],[-43.4934,-22.9134],[-43.4944,-22.9092],[-43.4981,-22.9078],[-43.4993,-22.905],[-43.4993,-22.9043],[-43.5011,-22.9042],[-43.5024,-22.905],[-43.5064,-22.9012],[-43.5077,-22.8995],[-43.5115,-22.8984],[-43.5129,-22.8976],[-43.5193,-22.8973],[-43.5236,-22.8976],[-43.5251,-22.8987],[-43.526,-22.9005],[-43.5257,-22.9017],[-43.5266,-22.9028],[-43.5268,-22.9049],[-43.5293,-22.9074],[-43.5315,-22.9089],[-43.5324,-22.9091],[-43.5333,-22.9068],[-43.5338,-22.9063],[-43.535,-22.9072],[-43.5365,-22.9071],[-43.5404,-22.9041],[-43.541,-22.9052],[-43.5436,-22.9049],[-43.5445,-22.8991],[-43.544,-22.8989],[-43.5458,-22.8969],[-43.5462,-22.8962],[-43.5451,-22.8958],[-43.5443,-22.8952],[-43.5451,-22.8944],[-43.5469,-22.8899],[-43.5438,-22.8887],[-43.5427,-22.8886],[-43.5416,-22.8875],[-43.5407,-22.8873],[-43.5396,-22.8857],[-43.5379,-22.8855],[-43.5355,-22.8846],[-43.5331,-22.8854],[-43.5321,-22.8849],[-43.5324,-22.8842],[-43.5313,-22.8828],[-43.5326,-22.8817],[-43.5331,-22.8774],[-43.5339,-22.8746],[-43.5354,-22.875],[-43.5363,-22.8726],[-43.5352,-22.8686],[-43.5354,-22.8672],[-43.5361,-22.8663],[-43.5393,-22.866],[-43.5399,-22.8656],[-43.5406,-22.864],[-43.5416,-22.8627],[-43.5411,-22.8614],[-43.5237,-22.8604],[-43.519,-22.8604],[-43.5146,-22.8605]]]},"properties":{"codbairro":"144","nome":"Campo Grande","rp":"Campo Grande","regiao_adm":"CAMPO GRANDE"}},
{"type":"Feature","geometry":{"type":"Polygon","coordinates":[[[-43.4693,-22.8405],[-43.4707,-22.8414],[-43.4711,-22.8429],[-43.4704,-22.8457],[-43.4757,-22.8476],[-43.475,-22.8495],[-43.4753,-22.851],[-43.4749,-22.853],[-43.4748,-22.8546],[-43.4744,-22.8553],[-43.4756,-22.8558],[-43.4841,-22.8486],[-43.4854,-22.8501],[-43.4874,-22.8485],[-43.4877,-22.8463],[-43.4816,-22.8392],[-43.4842,-22.8309],[-43.4842,-22.8272],[-43.4901,-22.8155],[-43.5235,-22.8239],[-43.5251,-22.8245],[-43.5269,-22.8273],[-43.5272,-22.8297],[-43.5271,-22.8311],[-43.5258,-22.834],[-43.5248,-22.8354],[-43.5247,-22.8363],[-43.5233,-22.8372],[-43.5208,-22.8399],[-43.5203,-22.8421],[-43.5197,-22.8434],[-43.5184,-22.8446],[-43.5191,-22.8455],[-43.5204,-22.8465],[-43.5152,-22.8523],[-43.5146,-22.8605],[-43.5145,-22.863],[-43.5131,-22.863],[-43.5124,-22.8634],[-43.5111,-22.8659],[-43.5087,-22.8693],[-43.5069,-22.8684],[-43.5042,-22.8675],[-43.5026,-22.8674],[-43.5017,-22.8667],[-43.5005,-22.8665],[-43.4992,-22.8654],[-43.4976,-22.8645],[-43.4959,-22.8646],[-43.4941,-22.8651],[-43.4907,-22.8655],[-43.489,-22.8646],[-43.4874,-22.8645],[-43.4861,-22.8662],[-43.4857,-22.8671],[-43.4845,-22.871],[-43.4826,-22.8708],[-43.4824,-22.8757],[-43.4819,-22.876],[-43.4821,-22.8816],[-43.4791,-22.8922],[-43.4801,-22.8926],[-43.4794,-22.8952],[-43.4801,-22.8983],[-43.478,-22.8999],[-43.4773,-22.9016],[-43.4768,-22.9067],[-43.4764,-22.9095],[-43.4748,-22.9111],[-43.4736,-22.9126],[-43.472,-22.9138],[-43.4701,-22.9145],[-43.4685,-22.9132],[-43.4676,-22.9115],[-43.4639,-22.908],[-43.4628,-22.9055],[-43.4615,-22.9042],[-43.4554,-22.8941],[-43.4548,-22.8935],[-43.4546,-22.8897],[-43.4543,-22.8881],[-43.4549,-22.8871],[-43.4567,-22.8854],[-43.4521,-22.8849],[-43.4525,-22.8825],[-43.456,-22.8826],[-43.4561,-22.8762],[-43.4552,-22.8752],[-43.4553,-22.8716],[-43.4493,-22.8718],[-43.4492,-22.8706],[-43.451,-22.8683],[-43.4514,-22.8684],[-43.4553,-22.863],[-43.4553,-22.8625],[-43.454,-22.8624],[-43.4539,-22.8605],[-43.4558,-22.8587],[-43.4551,-22.8582],[-43.454,-22.8582],[-43.4546,-22.8569],[-43.4532,-22.8568],[-43.4522,-22.8561],[-43.4505,-22.8559],[-43.4505,-22.8549],[-43.4546,-22.8516],[-43.4587,-22.8485],[-43.4693,-22.8405]],[[-43.4948,-22.8576],[-43.4959,-22.8537],[-43.4941,-22.8533],[-43.4948,-22.8507],[-43.4915,-22.8499],[-43.4913,-22.8507],[-43.4902,-22.8506],[-43.4894,-22.8538],[-43.4875,-22.8535],[-43.4857,-22.8528],[-43.4836,-22.8526],[-43.483,-22.8536],[-43.481,-22.8543],[-43.4794,-22.8555],[-43.4792,-22.8563],[-43.48,-22.857],[-43.4802,-22.858],[-43.4826,-22.8588],[-43.4847,-22.8591],[-43.4845,-22.8598],[-43.4826,-22.8595],[-43.4796,-22.8586],[-43.4798,-22.8604],[-43.4808,-22.861],[-43.4828,-22.8614],[-43.4838,-22.8619],[-43.4851,-22.8618],[-43.4862,-22.8623],[-43.488,-22.8622],[-43.4884,-22.8604],[-43.4889,-22.8606],[-43.4931,-22.8615],[-43.4935,-22.8611],[-43.4948,-22.8576]]]},"properties":{"codbairro":"141","nome":"Bangu","rp":"Bangu","regiao_adm":"BANGU"}},
{"type":"Feature","geometry":{"type":"Polygon","coordinates":[[[-43.4693,-22.8405],[-43.4826,-22.8304],[-43.4842,-22.8272],[-43.4842,-22.8309],[-43.4816,-22.8392],[-43.4877,-22.8463],[-43.4874,-22.8485],[-43.4854,-22.8501],[-43.4841,-22.8486],[-43.4756,-22.8558],[-43.4744,-22.8553],[-43.4748,-22.8546],[-43.4749,-22.853],[-43.4753,-22.851],[-43.475,-22.8495],[-43.4757,-22.8476],[-43.4704,-22.8457],[-43.4711,-22.8429],[-43.4707,-22.8414],[-43.4693,-22.8405]]]},"properties":{"codbairro":"160","nome":"Gericinó","rp":"Bangu","regiao_adm":"BANGU"}},
{"type":"Feature","geometry":{"type":"Polygon","coordinates":[[[-43.4935,-22.8835],[-43.4896,-22.8831],[-43.4896,-22.8825],[-43.4905,-22.8795],[-43.4921,-22.8782],[-43.4972,-22.8792],[-43.4964,-22.8821],[-43.4946,-22.8832],[-43.4935,-22.8835]]]},"properties":{"codbairro":"163","nome":"Jabour","rp":"Bangu","regiao_adm":"BANGU"}},
{"type":"Feature","geometry":{"type":"Polygon","coordinates":[[[-43.4948,-22.8576],[-43.4935,-22.8611],[-43.4931,-22.8615],[-43.4889,-22.8606],[-43.4884,-22.8604],[-43.488,-22.8622],[-43.4862,-22.8623],[-43.4851,-22.8618],[-43.4838,-22.8619],[-43.4828,-22.8614],[-43.4808,-22.861],[-43.4798,-22.8604],[-43.4796,-22.8586],[-43.4826,-22.8595],[-43.4845,-22.8598],[-43.4847,-22.8591],[-43.4826,-22.8588],[-43.4802,-22.858],[-43.48,-22.857],[-43.4792,-22.8563],[-43.4794,-22.8555],[-43.481,-22.8543],[-43.483,-22.8536],[-43.4836,-22.8526],[-43.4857,-22.8528],[-43.4875,-22.8535],[-43.4894,-22.8538],[-43.4902,-22.8506],[-43.4913,-22.8507],[-43.4915,-22.8499],[-43.4948,-22.8507],[-43.4941,-22.8533],[-43.4959,-22.8537],[-43.4948,-22.8576]]]},"properties":{"codbairro":"162","nome":"Vila Kennedy","rp":"Bangu","regiao_adm":"BANGU"}},
{"type":"Feature","geometry":{"type":"Polygon","coordinates":[[[-43.5763,-22.9882],[-43.5782,-22.9903],[-43.5805,-22.992],[-43.5837,-22.9947],[-43.5849,-22.9953],[-43.5894,-22.9962],[-43.5906,-22.9962],[-43.5936,-22.994],[-43.5955,-22.994],[-43.5957,-22.9945],[-43.5941,-22.9962],[-43.592,-22.9974],[-43.5485,-23.0077],[-43.5475,-23.0074],[-43.5434,-23.0077],[-43.5409,-23.0089],[-43.5404,-23.0083],[-43.5405,-23.0065],[-43.5401,-23.0048],[-43.5402,-23.0023],[-43.5441,-22.9946],[-43.5445,-22.9926],[-43.5449,-22.9923],[-43.5523,-22.9891],[-43.5564,-22.9875],[-43.558,-22.987],[-43.5598,-22.9877],[-43.5625,-22.9879],[-43.5649,-22.9864],[-43.5685,-22.9848],[-43.5709,-22.9847],[-43.5716,-22.9849],[-43.5763,-22.9882]]]},"properties":{"codbairro":"164","nome":"Ilha de Guaratiba","rp":"Guaratiba","regiao_adm":"GUARATIBA"}},
{"type":"Feature","geometry":{"type":"Polygon","coordinates":[[[-43.3477,-22.9787],[-43.351,-22.9757],[-43.3562,-22.9713],[-43.357,-22.9696],[-43.3571,-22.9682],[-43.3578,-22.9667],[-43.3577,-22.9629],[-43.357,-22.9628],[-43.3573,-22.9597],[-43.3567,-22.958],[-43.3757,-22.9579],[-43.382,-22.962],[-43.3905,-22.9616],[-43.3913,-22.9605],[-43.3917,-22.9606],[-43.392,-22.961],[-43.4012,-22.9711],[-43.4035,-22.9733],[-43.407,-22.9727],[-43.4103,-22.9734],[-43.4116,-22.9741],[-43.4133,-22.9755],[-43.4135,-22.9757],[-43.4166,-22.9783],[-43.4173,-22.9778],[-43.4183,-22.9786],[-43.4231,-22.9804],[-43.424,-22.9811],[-43.4246,-22.9824],[-43.4248,-22.9841],[-43.4255,-22.9856],[-43.4196,-22.9896],[-43.419,-22.9903],[-43.4172,-22.9889],[-43.4155,-22.9881],[-43.4146,-22.9872],[-43.4123,-22.9863],[-43.4116,-22.9852],[-43.4111,-22.9838],[-43.4096,-22.9828],[-43.4059,-22.9812],[-43.4048,-22.9818],[-43.4049,-22.9828],[-43.4041,-22.9853],[-43.403,-22.9852],[-43.4032,-22.9835],[-43.4038,-22.9825],[-43.4037,-22.9815],[-43.4048,-22.9812],[-43.4048,-22.9801],[-43.4061,-22.9786],[-43.4055,-22.977],[-43.4041,-22.9755],[-43.403,-22.9754],[-43.4018,-22.9764],[-43.4007,-22.9781],[-43.3998,-22.9788],[-43.3988,-22.9802],[-43.395,-22.983],[-43.3936,-22.9837],[-43.3927,-22.9834],[-43.3918,-22.9822],[-43.3904,-22.9801],[-43.3876,-22.9783],[-43.3864,-22.9766],[-43.384,-22.9744],[-43.3818,-22.9735],[-43.3796,-22.974],[-43.3776,-22.9749],[-43.3769,-22.9756],[-43.3758,-22.9761],[-43.3746,-22.9774],[-43.3745,-22.9774],[-43.3739,-22.9774],[-43.373,-22.9766],[-43.3711,-22.9759],[-43.3694,-22.9756],[-43.3671,-22.9761],[-43.3668,-22.9756],[-43.3652,-22.976],[-43.3624,-22.9758],[-43.3608,-22.9755],[-43.3579,-22.9755],[-43.3562,-22.9767],[-43.3554,-22.9784],[-43.3531,-22.9788],[-43.3505,-22.9786],[-43.3477,-22.9787]]]},"properties":{"codbairro":"165","nome":"Barra Olímpica","rp":"Jacarepaguá","regiao_adm":"JACAREPAGUA"}},
{"type":"Feature","geometry":{"type":"Polygon","coordinates":[[[-43.3146,-22.8198],[-43.3145,-22.8205],[-43.3123,-22.8245],[-43.3116,-22.8248],[-43.3051,-22.8219],[-43.3042,-22.8223],[-43.3014,-22.819],[-43.299,-22.8198],[-43.2984,-22.8205],[-43.2954,-22.8183],[-43.2933,-22.8155],[-43.2942,-22.8142],[-43.29,-22.8152],[-43.2877,-22.8134],[-43.2884,-22.8104],[-43.2899,-22.8107],[-43.291,-22.8102],[-43.2928,-22.8089],[-43.2951,-22.8068],[-43.2963,-22.8064],[-43.2979,-22.8068],[-43.2993,-22.8065],[-43.2998,-22.8057],[-43.3024,-22.8089],[-43.3016,-22.8098],[-43.3012,-22.8112],[-43.3008,-22.8154],[-43.3051,-22.8165],[-43.3073,-22.8175],[-43.3104,-22.8193],[-43.3116,-22.8197],[-43.3139,-22.8198],[-43.3146,-22.8198]]]},"properties":{"codbairro":"047","nome":"Parada de Lucas","rp":"Penha","regiao_adm":"VIGARIO GERAL"}},
{"type":"Feature","geometry":{"type":"Polygon","coordinates":[[[-43.2733,-22.8104],[-43.2724,-22.8095],[-43.2722,-22.8055],[-43.2724,-22.8035],[-43.273,-22.8033],[-43.2746,-22.8037],[-43.2768,-22.8038],[-43.2779,-22.8059],[-43.2789,-22.807],[-43.279,-22.8077],[-43.2855,-22.808],[-43.2868,-22.8082],[-43.2876,-22.8087],[-43.2884,-22.8104],[-43.2877,-22.8134],[-43.29,-22.8152],[-43.2942,-22.8142],[-43.2933,-22.8155],[-43.2954,-22.8183],[-43.2984,-22.8205],[-43.299,-22.8198],[-43.3014,-22.819],[-43.3042,-22.8223],[-43.3051,-22.8219],[-43.3116,-22.8248],[-43.3119,-22.8254],[-43.3092,-22.8303],[-43.309,-22.8315],[-43.3079,-22.8319],[-43.3067,-22.8294],[-43.3055,-22.829],[-43.3047,-22.83],[-43.3016,-22.8293],[-43.3013,-22.8295],[-43.2992,-22.8284],[-43.2978,-22.8273],[-43.2964,-22.8267],[-43.2952,-22.8256],[-43.2941,-22.8281],[-43.2929,-22.8275],[-43.2924,-22.8269],[-43.2927,-22.826],[-43.2914,-22.8255],[-43.2907,-22.8259],[-43.289,-22.8247],[-43.2893,-22.8234],[-43.29,-22.8232],[-43.2901,-22.8221],[-43.2875,-22.8209],[-43.2852,-22.8185],[-43.2815,-22.8143],[-43.2802,-22.8133],[-43.2771,-22.8119],[-43.2733,-22.8104]]]},"properties":{"codbairro":"046","nome":"Cordovil","rp":"Penha","regiao_adm":"VIGARIO GERAL"}},
{"type":"Feature","geometry":{"type":"Polygon","coordinates":[[[-43.3172,-22.8195],[-43.3194,-22.819],[-43.3309,-22.8127],[-43.3321,-22.8134],[-43.3323,-22.814],[-43.3329,-22.8182],[-43.3344,-22.8182],[-43.3347,-22.8219],[-43.3343,-22.822],[-43.3346,-22.8243],[-43.3343,-22.8249],[-43.3373,-22.826],[-43.3372,-22.8265],[-43.339,-22.8272],[-43.3394,-22.8284],[-43.3421,-22.8323],[-43.3416,-22.8321],[-43.3343,-22.8331],[-43.3308,-22.8321],[-43.3289,-22.8329],[-43.3269,-22.8344],[-43.3257,-22.8365],[-43.3324,-22.8426],[-43.3308,-22.8438],[-43.3341,-22.8485],[-43.3369,-22.8464],[-43.3376,-22.8524],[-43.3374,-22.8533],[-43.3371,-22.856],[-43.3344,-22.8538],[-43.3328,-22.8538],[-43.3324,-22.8542],[-43.3295,-22.8545],[-43.3257,-22.8539],[-43.3248,-22.8557],[-43.3239,-22.8553],[-43.3227,-22.8543],[-43.3188,-22.8519],[-43.3177,-22.851],[-43.3156,-22.8523],[-43.3135,-22.851],[-43.314,-22.8498],[-43.3144,-22.8493],[-43.3154,-22.8463],[-43.3168,-22.8456],[-43.3178,-22.8446],[-43.317,-22.8423],[-43.3172,-22.8414],[-43.3133,-22.84],[-43.3138,-22.8395],[-43.3126,-22.8382],[-43.3148,-22.8375],[-43.317,-22.8373],[-43.3179,-22.8364],[-43.3188,-22.8343],[-43.3192,-22.8299],[-43.3196,-22.8279],[-43.3181,-22.8276],[-43.3166,-22.8267],[-43.3137,-22.8258],[-43.3159,-22.8216],[-43.3166,-22.8198],[-43.3172,-22.8195]]]},"properties":{"codbairro":"076","nome":"Irajá","rp":"Madureira","regiao_adm":"IRAJA"}},
{"type":"Feature","geometry":{"type":"Polygon","coordinates":[[[-43.3033,-22.8392],[-43.3022,-22.8386],[-43.3018,-22.8378],[-43.2981,-22.8377],[-43.2884,-22.8362],[-43.2888,-22.8354],[-43.2882,-22.8331],[-43.2903,-22.8318],[-43.2898,-22.831],[-43.2883,-22.83],[-43.2856,-22.831],[-43.2809,-22.8251],[-43.2793,-22.8232],[-43.2852,-22.8185],[-43.2875,-22.8209],[-43.2901,-22.8221],[-43.29,-22.8232],[-43.2893,-22.8234],[-43.289,-22.8247],[-43.2907,-22.8259],[-43.2914,-22.8255],[-43.2927,-22.826],[-43.2924,-22.8269],[-43.2929,-22.8275],[-43.2941,-22.8281],[-43.2952,-22.8256],[-43.2964,-22.8267],[-43.2978,-22.8273],[-43.2992,-22.8284],[-43.3013,-22.8295],[-43.3016,-22.8293],[-43.3047,-22.83],[-43.3055,-22.829],[-43.3067,-22.8294],[-43.3079,-22.8319],[-43.309,-22.8315],[-43.3089,-22.833],[-43.3089,-22.8335],[-43.3088,-22.8348],[-43.308,-22.8332],[-43.3066,-22.8355],[-43.3075,-22.8355],[-43.3088,-22.8349],[-43.309,-22.8369],[-43.3089,-22.8368],[-43.3086,-22.8366],[-43.307,-22.8361],[-43.3066,-22.8377],[-43.3061,-22.8378],[-43.3046,-22.84],[-43.3033,-22.8392]]]},"properties":{"codbairro":"045","nome":"Brás de Pina","rp":"Penha","regiao_adm":"PENHA"}},
{"type":"Feature","geometry":{"type":"Polygon","coordinates":[[[-43.3126,-22.8382],[-43.3113,-22.8362],[-43.3101,-22.8348],[-43.3095,-22.8341],[-43.3091,-22.8336],[-43.3089,-22.8333],[-43.3089,-22.833],[-43.309,-22.8315],[-43.3092,-22.8303],[-43.3119,-22.8254],[-43.3116,-22.8248],[-43.3123,-22.8245],[-43.3145,-22.8205],[-43.3146,-22.8198],[-43.3156,-22.8198],[-43.3166,-22.8198],[-43.3159,-22.8216],[-43.3137,-22.8258],[-43.3166,-22.8267],[-43.3181,-22.8276],[-43.3196,-22.8279],[-43.3192,-22.8299],[-43.3188,-22.8343],[-43.3179,-22.8364],[-43.317,-22.8373],[-43.3148,-22.8375],[-43.3126,-22.8382]]]},"properties":{"codbairro":"075","nome":"Vista Alegre","rp":"Madureira","regiao_adm":"IRAJA"}},
{"type":"Feature","geometry":{"type":"Polygon","coordinates":[[[-43.309,-22.8369],[-43.3088,-22.8349],[-43.3088,-22.8348],[-43.3089,-22.8335],[-43.3089,-22.8333],[-43.3091,-22.8336],[-43.3095,-22.8341],[-43.3101,-22.8348],[-43.3113,-22.8362],[-43.3126,-22.8382],[-43.3138,-22.8395],[-43.3133,-22.84],[-43.3172,-22.8414],[-43.317,-22.8423],[-43.3178,-22.8446],[-43.3168,-22.8456],[-43.3154,-22.8463],[-43.3144,-22.8493],[-43.314,-22.8498],[-43.3128,-22.8489],[-43.3117,-22.8489],[-43.3108,-22.8482],[-43.3097,-22.8503],[-43.309,-22.8504],[-43.3046,-22.8471],[-43.3067,-22.8449],[-43.3044,-22.8429],[-43.3019,-22.8416],[-43.3033,-22.8392],[-43.3046,-22.84],[-43.3061,-22.8378],[-43.3066,-22.8377],[-43.307,-22.8361],[-43.3086,-22.8366],[-43.3089,-22.8368],[-43.309,-22.8369]]]},"properties":{"codbairro":"074","nome":"Vila da Penha","rp":"Madureira","regiao_adm":"IRAJA"}},
{"type":"Feature","geometry":{"type":"Polygon","coordinates":[[[-43.3088,-22.8349],[-43.3075,-22.8355],[-43.3066,-22.8355],[-43.308,-22.8332],[-43.3088,-22.8348],[-43.3088,-22.8349]]]},"properties":{"codbairro":"166","nome":"Argentino","rp":"Penha","regiao_adm":"PENHA"}}
]}